0.33333333333333337,0.12743972445464982,0.0,0.0,0.35294117647058826,0.7609756097560976,0.0705596107055961,0.5,0.0,0.0,0.0,1.0,0.0,0.0,0.0,0.0,0.0,0.0,0.0,0.0,0.0,0.0,0.0,0.0,0.0,0.0,0.0,1.0,0.0,1.0,0.0,0.0,0.0,0.16666666666666666
0.5,0.2078071182548795,0.0,0.13333333333333333,0.29411764705882354,1.0,0.0,0.0,0.0,0.0,1.0,0.0,0.0,0.0,0.0,0.0,0.0,0.0,0.0,0.0,0.0,1.0,0.0,0.0,0.0,0.0,0.0,0.0,0.0,1.0,0.0,0.0,0.0,0.16666666666666666
0.5833333333333334,0.1733639494833525,0.2,0.0,0.35294117647058826,0.6682926829268293,0.10462287104622871,0.5,1.0,0.0,0.0,0.0,0.0,0.0,0.0,0.0,0.0,0.0,0.0,0.0,0.0,0.0,0.0,1.0,0.0,0.0,0.0,0.0,0.0,1.0,0.0,0.0,0.0,0.16666666666666666
0.33333333333333337,0.13892078071182548,0.0,0.0,0.6470588235294118,0.751219512195122,0.1192214111922141,0.75,0.0,0.0,0.0,1.0,0.0,0.0,0.0,0.0,0.0,0.0,0.0,0.0,0.0,1.0,0.0,0.0,0.0,0.0,0.0,0.0,0.0,1.0,0.0,0.0,0.0,0.16666666666666666
0.33333333333333337,0.09299655568312284,0.3,0.0,0.35294117647058826,0.7560975609756098,0.0535279805352798,0.75,1.0,0.0,0.0,0.0,0.0,0.0,0.0,0.0,0.0,0.0,0.0,0.0,0.0,1.0,0.0,0.0,0.0,0.0,0.0,0.0,0.0,1.0,0.0,0.0,0.0,0.16666666666666666
0.33333333333333337,0.18484500574052815,0.3,0.0,0.11764705882352941,0.6,0.0364963503649635,0.5,0.0,0.0,0.0,0.0,0.0,0.0,0.0,1.0,0.0,0.0,0.0,0.0,0.0,1.0,0.0,0.0,0.0,0.0,0.0,0.0,0.0,1.0,0.0,0.0,0.0,0.16666666666666666
0.33333333333333337,0.12743972445464982,0.2,0.0,0.17647058823529413,0.5609756097560976,0.0948905109489051,0.75,1.0,0.0,0.0,0.0,0.0,0.0,0.0,0.0,0.0,0.0,0.0,0.0,0.0,1.0,0.0,0.0,0.0,0.0,0.0,0.0,0.0,1.0,0.0,0.0,0.0,0.16666666666666666
0.33333333333333337,0.1733639494833525,0.2,0.0,0.17647058823529413,0.5073170731707317,0.05596107055961071,0.5,0.0,0.0,0.0,0.0,1.0,0.0,0.0,0.0,0.0,0.0,0.0,0.0,0.0,0.0,0.0,0.0,0.0,0.0,0.0,1.0,0.0,1.0,0.0,0.0,0.0,0.16666666666666666
0.33333333333333337,0.6670493685419059,0.0,0.3333333333333333,0.058823529411764705,0.7560975609756098,0.1678832116788321,0.5,1.0,0.0,0.0,0.0,0.0,0.0,0.0,0.0,0.0,0.0,0.0,0.0,0.0,1.0,0.0,0.0,0.0,0.0,0.0,0.0,0.0,1.0,0.0,0.0,0.0,0.16666666666666666
0.33333333333333337,0.07003444316877153,0.2,0.0,0.4117647058823529,0.5560975609756098,0.07542579075425791,0.75,1.0,0.0,0.0,0.0,0.0,0.0,0.0,0.0,0.0,0.0,0.0,0.0,0.0,0.0,0.0,0.0,0.0,0.0,0.0,1.0,0.0,1.0,0.0,0.0,0.0,0.16666666666666666
0.33333333333333337,0.1733639494833525,0.3,0.0,0.35294117647058826,0.5707317073170731,0.0413625304136253,0.75,0.0,0.0,0.0,0.0,1.0,0.0,0.0,0.0,0.0,0.0,0.0,0.0,0.0,1.0,0.0,0.0,0.0,0.0,0.0,0.0,0.0,1.0,0.0,0.0,0.0,0.16666666666666666
0.75,0.2307692307692308,0.2,0.3333333333333333,0.17647058823529413,0.7463414634146341,0.15815085158150852,0.0,0.0,0.0,1.0,0.0,0.0,0.0,0.0,0.0,0.0,0.0,0.0,0.0,0.0,1.0,0.0,0.0,0.0,0.0,0.0,0.0,0.0,1.0,0.0,0.0,0.0,0.16666666666666666
0.3666666666666667,0.26521239954075776,0.2,0.13333333333333333,0.17647058823529413,0.5756097560975609,0.0267639902676399,0.0,0.0,0.0,1.0,0.0,0.0,0.0,0.0,0.0,0.0,0.0,0.0,0.0,0.0,1.0,0.0,0.0,0.0,0.0,0.0,0.0,0.0,1.0,0.0,0.0,0.0,0.16666666666666666
0.33333333333333337,0.26521239954075776,0.2,0.13333333333333333,0.35294117647058826,0.5317073170731708,0.009732360097323601,0.0,0.0,0.0,1.0,0.0,0.0,0.0,0.0,0.0,0.0,0.0,0.0,1.0,0.0,0.0,0.0,0.0,0.0,0.0,0.0,0.0,0.0,1.0,0.0,0.0,0.0,0.16666666666666666
0.33333333333333337,0.012629161882893224,0.0,0.13333333333333333,0.058823529411764705,0.6536585365853659,0.019464720194647202,0.5,0.0,0.0,0.0,0.0,0.0,0.0,1.0,0.0,0.0,0.0,0.0,0.0,0.0,0.0,0.0,0.0,1.0,0.0,0.0,0.0,0.0,1.0,0.0,0.0,0.0,0.16666666666666666
0.33333333333333337,0.21928817451205515,0.0,0.0,0.4117647058823529,0.6292682926829268,0.014598540145985401,0.75,0.0,0.0,0.0,1.0,0.0,0.0,0.0,0.0,0.0,0.0,0.0,0.0,0.0,0.0,0.0,0.0,1.0,0.0,0.0,0.0,0.0,1.0,0.0,0.0,0.0,0.16666666666666666
0.33333333333333337,0.2537313432835821,0.2,0.3333333333333333,0.17647058823529413,0.6682926829268293,0.012165450121654502,0.0,0.0,0.0,1.0,0.0,0.0,0.0,0.0,0.0,0.0,0.0,0.0,0.0,0.0,0.0,0.0,0.0,1.0,0.0,0.0,0.0,0.0,1.0,0.0,0.0,0.0,0.16666666666666666
0.6666666666666667,0.05855338691159587,0.0,0.0,0.35294117647058826,0.6292682926829268,0.07542579075425791,0.5,0.0,0.0,0.0,0.0,0.0,0.0,0.0,1.0,0.0,0.0,0.0,0.0,0.0,0.0,0.0,0.0,0.0,0.0,0.0,1.0,0.0,1.0,0.0,0.0,0.0,0.16666666666666666
0.33333333333333337,0.03559127439724454,0.1,0.0,0.4117647058823529,0.7609756097560976,0.0413625304136253,0.75,0.0,0.0,0.0,1.0,0.0,0.0,0.0,0.0,0.0,0.0,0.0,0.0,0.0,1.0,0.0,0.0,0.0,0.0,0.0,0.0,0.0,1.0,0.0,0.0,0.0,0.16666666666666666
0.33333333333333337,0.07003444316877153,0.2,0.0,0.11764705882352941,0.7268292682926829,0.0705596107055961,0.5,0.0,0.0,0.0,1.0,0.0,0.0,0.0,0.0,0.0,0.0,0.0,0.0,0.0,1.0,0.0,0.0,0.0,0.0,0.0,0.0,0.0,1.0,0.0,0.0,0.0,0.16666666666666666
0.33333333333333337,0.15040183696900114,0.3,0.0,0.17647058823529413,0.5317073170731708,0.051094890510948905,0.75,0.0,0.0,0.0,0.0,0.0,0.0,0.0,1.0,0.0,0.0,0.0,0.0,0.0,0.0,0.0,0.0,0.0,0.0,0.0,1.0,0.0,1.0,0.0,0.0,0.0,0.16666666666666666
0.33333333333333337,0.15040183696900114,0.0,0.0,0.29411764705882354,0.7073170731707317,0.0072992700729927005,0.0,0.0,0.0,1.0,0.0,0.0,0.0,0.0,0.0,0.0,0.0,0.0,0.0,0.0,1.0,0.0,0.0,0.0,0.0,0.0,0.0,0.0,1.0,0.0,0.0,0.0,0.16666666666666666
0.5,0.3226176808266361,0.0,0.0,0.058823529411764705,0.751219512195122,0.0170316301703163,0.5,1.0,0.0,0.0,0.0,0.0,0.0,0.0,0.0,0.0,0.0,0.0,0.0,0.0,1.0,0.0,0.0,0.0,0.0,0.0,0.0,0.0,1.0,0.0,0.0,0.0,0.16666666666666666
0.75,0.1963260619977038,0.2,0.0,0.4117647058823529,0.5170731707317073,0.051094890510948905,0.5,0.0,0.0,0.0,0.0,1.0,0.0,0.0,0.0,0.0,0.0,0.0,0.0,0.0,1.0,0.0,0.0,0.0,0.0,0.0,0.0,0.0,1.0,0.0,0.0,0.0,0.16666666666666666
0.5,0.2881745120551091,0.2,0.0,0.17647058823529413,0.6926829268292682,0.012165450121654502,0.0,0.0,0.0,1.0,0.0,0.0,0.0,0.0,0.0,0.0,0.0,0.0,0.0,0.0,0.0,0.0,1.0,0.0,0.0,0.0,0.0,0.0,1.0,0.0,0.0,0.0,0.16666666666666666
0.33333333333333337,0.04707233065442021,0.0,0.0,0.4117647058823529,0.7024390243902439,0.0072992700729927005,0.5,0.0,0.0,0.0,0.0,0.0,0.0,0.0,1.0,0.0,0.0,0.0,0.0,0.0,1.0,0.0,0.0,0.0,0.0,0.0,0.0,0.0,1.0,0.0,0.0,0.0,0.16666666666666666
0.33333333333333337,0.2881745120551091,0.0,0.0,0.6470588235294118,0.5804878048780487,0.0364963503649635,0.5,0.0,0.0,0.0,0.0,0.0,0.0,0.0,1.0,0.0,0.0,0.0,0.0,0.0,0.0,0.0,0.0,0.0,0.0,0.0,1.0,0.0,1.0,0.0,0.0,0.0,0.16666666666666666
0.55,0.2078071182548795,0.0,0.0,0.11764705882352941,0.7609756097560976,0.0364963503649635,0.0,0.0,0.0,1.0,0.0,0.0,0.0,0.0,0.0,0.0,0.0,0.0,0.0,0.0,0.0,0.0,0.0,0.0,0.0,0.0,1.0,0.0,1.0,0.0,0.0,0.0,0.16666666666666666
0.5,0.16188289322617683,0.5,0.0,0.35294117647058826,0.6731707317073171,0.1386861313868613,0.5,1.0,0.0,0.0,0.0,0.0,0.0,0.0,0.0,0.0,0.0,0.0,0.0,0.0,0.0,0.0,1.0,0.0,0.0,0.0,0.0,0.0,0.0,0.0,1.0,0.0,0.16666666666666666
0.75,0.4374282433983927,0.2,0.0,0.11764705882352941,0.7658536585365854,0.08029197080291971,0.0,0.0,0.0,1.0,0.0,0.0,0.0,0.0,0.0,0.0,0.0,0.0,0.0,0.0,1.0,0.0,0.0,0.0,0.0,0.0,0.0,0.0,1.0,0.0,0.0,0.0,0.16666666666666666
0.5,0.24225028702640647,0.2,0.0,0.23529411764705882,0.5902439024390244,0.01021897810218978,0.0,0.0,0.0,1.0,0.0,0.0,0.0,0.0,0.0,0.0,0.0,0.0,0.0,0.0,1.0,0.0,0.0,0.0,0.0,0.0,0.0,0.0,1.0,0.0,0.0,0.0,0.16666666666666666
0.4,1.0,0.4,0.6666666666666666,0.35294117647058826,0.6926829268292682,0.35279805352798055,0.5,1.0,0.0,0.0,0.0,0.0,0.0,0.0,0.0,0.0,0.0,0.0,0.0,0.0,1.0,0.0,0.0,0.0,0.0,0.0,0.0,0.0,0.0,0.0,1.0,0.0,0.16666666666666666
0.33333333333333337,0.1044776119402985,0.2,0.0,0.47058823529411764,0.5365853658536586,0.031630170316301706,1.0,1.0,0.0,0.0,0.0,0.0,0.0,0.0,0.0,0.0,0.0,0.0,0.0,0.0,0.0,0.0,0.0,0.0,0.0,0.0,1.0,0.0,1.0,0.0,0.0,0.0,0.16666666666666666
0.33333333333333337,0.2078071182548795,0.2,0.0,0.29411764705882354,0.5804878048780487,0.06569343065693431,0.5,0.0,0.0,0.0,1.0,0.0,0.0,0.0,0.0,0.0,0.0,0.0,0.0,0.0,0.0,0.0,0.0,0.0,0.0,0.0,1.0,0.0,0.0,1.0,0.0,0.0,0.16666666666666666
0.33333333333333337,0.1733639494833525,0.2,0.0,0.35294117647058826,0.7170731707317073,0.0535279805352798,0.5,0.0,0.0,0.0,0.0,1.0,0.0,0.0,0.0,0.0,0.0,0.0,0.0,0.0,1.0,0.0,0.0,0.0,0.0,0.0,0.0,0.0,1.0,0.0,0.0,0.0,0.16666666666666666
0.4,0.5522388059701493,0.0,0.8666666666666667,0.0,0.7804878048780488,0.07542579075425791,0.0,0.0,0.0,1.0,0.0,0.0,0.0,0.0,0.0,0.0,0.0,0.0,0.0,0.0,1.0,0.0,0.0,0.0,0.0,0.0,0.0,0.0,1.0,0.0,0.0,0.0,0.16666666666666666
0.8333333333333334,0.3226176808266361,0.2,0.6666666666666666,0.058823529411764705,0.7707317073170732,0.1192214111922141,0.0,0.0,0.0,1.0,0.0,0.0,0.0,0.0,0.0,0.0,0.0,0.0,0.0,0.0,1.0,0.0,0.0,0.0,0.0,0.0,0.0,0.0,1.0,0.0,0.0,0.0,0.16666666666666666
0.5,0.3800229621125144,0.2,0.6666666666666666,0.23529411764705882,0.6439024390243903,0.1386861313868613,0.5,1.0,0.0,0.0,0.0,0.0,0.0,0.0,0.0,0.0,0.0,0.0,0.0,0.0,1.0,0.0,0.0,0.0,0.0,0.0,0.0,0.0,0.0,1.0,0.0,0.0,0.16666666666666666
0.33333333333333337,0.2881745120551091,0.4,0.6666666666666666,0.23529411764705882,0.5365853658536586,0.18248175182481752,0.0,0.0,0.0,1.0,0.0,0.0,0.0,0.0,0.0,0.0,0.0,0.0,0.0,0.0,1.0,0.0,0.0,0.0,0.0,0.0,0.0,0.0,0.0,1.0,0.0,0.0,0.16666666666666666
0.5,0.44890929965556836,0.0,0.6666666666666666,0.0,0.7121951219512195,0.051094890510948905,0.0,0.0,0.0,1.0,0.0,0.0,0.0,0.0,0.0,0.0,0.0,0.0,0.0,0.0,1.0,0.0,0.0,0.0,0.0,0.0,0.0,0.0,1.0,0.0,0.0,0.0,0.16666666666666666
0.33333333333333337,0.16188289322617683,0.0,0.0,1.0,0.44390243902439025,0.031630170316301706,1.0,1.0,0.0,0.0,0.0,0.0,0.0,0.0,0.0,0.0,0.0,0.0,0.0,0.0,0.0,0.0,0.0,0.0,1.0,0.0,0.0,0.0,0.0,1.0,0.0,0.0,0.16666666666666666
0.33333333333333337,0.05855338691159587,0.0,0.0,0.11764705882352941,0.6390243902439025,0.0170316301703163,0.5,0.0,0.0,0.0,1.0,0.0,0.0,0.0,0.0,0.0,0.0,0.0,0.0,0.0,0.0,0.0,0.0,0.0,1.0,0.0,0.0,0.0,0.0,1.0,0.0,0.0,0.16666666666666666
0.33333333333333337,0.05855338691159587,0.0,0.0,0.4117647058823529,0.8341463414634146,0.0340632603406326,0.5,0.0,0.0,0.0,1.0,0.0,0.0,0.0,0.0,0.0,0.0,0.0,0.0,0.0,0.0,0.0,0.0,0.0,0.0,0.0,1.0,0.0,1.0,0.0,0.0,0.0,0.16666666666666666
0.55,0.13892078071182548,0.2,0.0,0.29411764705882354,0.4585365853658537,0.0705596107055961,0.5,0.0,0.0,0.0,1.0,0.0,0.0,0.0,0.0,0.0,0.0,1.0,0.0,0.0,0.0,0.0,0.0,0.0,0.0,0.0,0.0,0.0,1.0,0.0,0.0,0.0,0.16666666666666666
0.5,0.18484500574052815,0.2,0.0,0.29411764705882354,0.3853658536585366,0.058394160583941604,0.5,0.0,0.0,0.0,1.0,0.0,0.0,0.0,0.0,0.0,0.0,1.0,0.0,0.0,0.0,0.0,0.0,0.0,0.0,0.0,0.0,0.0,0.0,0.0,1.0,0.0,0.16666666666666666
0.5,0.09299655568312284,0.2,0.0,0.5294117647058824,0.17560975609756097,0.046228710462287104,0.5,0.0,0.0,0.0,1.0,0.0,0.0,0.0,0.0,0.0,0.0,1.0,0.0,0.0,0.0,0.0,0.0,0.0,0.0,0.0,0.0,0.0,1.0,0.0,0.0,0.0,0.16666666666666666
0.5,0.13892078071182548,0.2,0.0,0.058823529411764705,0.37073170731707317,0.06082725060827251,0.5,0.0,0.0,0.0,0.0,0.0,0.0,0.0,1.0,0.0,0.0,1.0,0.0,0.0,0.0,0.0,0.0,0.0,0.0,0.0,0.0,0.0,1.0,0.0,0.0,0.0,0.16666666666666666
0.33333333333333337,0.12743972445464982,0.3,0.0,0.4117647058823529,0.5317073170731708,0.0267639902676399,0.5,1.0,0.0,0.0,0.0,0.0,0.0,0.0,0.0,0.0,0.0,0.0,0.0,0.0,0.0,0.0,0.0,0.0,0.0,0.0,1.0,0.0,1.0,0.0,0.0,0.0,0.16666666666666666
0.33333333333333337,0.16188289322617683,0.2,0.0,0.17647058823529413,0.5804878048780487,0.051094890510948905,0.5,1.0,0.0,0.0,0.0,0.0,0.0,0.0,0.0,0.0,0.0,0.0,0.0,0.0,0.0,0.0,0.0,0.0,0.0,0.0,1.0,0.0,1.0,0.0,0.0,0.0,0.16666666666666666
0.33333333333333337,0.15040183696900114,0.2,0.0,0.058823529411764705,0.6341463414634146,0.0364963503649635,0.75,1.0,0.0,0.0,0.0,0.0,0.0,0.0,0.0,0.0,0.0,0.0,0.0,0.0,1.0,0.0,0.0,0.0,0.0,0.0,0.0,0.0,1.0,0.0,0.0,0.0,0.16666666666666666
0.33333333333333337,0.11595866819747418,0.3,0.0,0.17647058823529413,0.5951219512195122,0.08029197080291971,0.75,1.0,0.0,0.0,0.0,0.0,0.0,0.0,0.0,0.0,0.0,0.0,0.0,0.0,0.0,0.0,0.0,0.0,0.0,0.0,1.0,0.0,1.0,0.0,0.0,0.0,0.16666666666666666
0.33333333333333337,0.18484500574052815,0.2,0.0,0.17647058823529413,0.40487804878048783,0.0413625304136253,0.5,0.0,0.0,0.0,1.0,0.0,0.0,0.0,0.0,0.0,0.0,0.0,0.0,0.0,0.0,0.0,0.0,0.0,0.0,0.0,1.0,0.0,0.0,1.0,0.0,0.0,0.16666666666666666
0.33333333333333337,0.11595866819747418,0.2,0.0,0.29411764705882354,0.43902439024390244,0.051094890510948905,0.5,0.0,0.0,0.0,1.0,0.0,0.0,0.0,0.0,0.0,0.0,0.0,0.0,0.0,0.0,0.0,0.0,0.0,0.0,0.0,1.0,0.0,1.0,0.0,0.0,0.0,0.16666666666666666
0.5,0.3226176808266361,0.2,0.0,0.4117647058823529,0.3902439024390244,0.06082725060827251,0.5,1.0,0.0,0.0,0.0,0.0,0.0,0.0,0.0,0.0,0.0,0.0,0.0,0.0,1.0,0.0,0.0,0.0,0.0,0.0,0.0,0.0,1.0,0.0,0.0,0.0,0.16666666666666666
0.5,0.16188289322617683,0.0,0.0,0.4117647058823529,0.28292682926829266,0.021897810218978103,0.5,0.0,0.0,0.0,0.0,0.0,0.0,0.0,1.0,0.0,0.0,0.0,0.0,0.0,1.0,0.0,0.0,0.0,0.0,0.0,0.0,0.0,1.0,0.0,0.0,0.0,0.16666666666666666
0.5,0.2996555683122848,0.2,0.6666666666666666,0.6470588235294118,0.43414634146341463,0.004866180048661801,0.0,0.0,0.0,1.0,0.0,0.0,0.0,0.0,0.0,0.0,0.0,0.0,0.0,0.0,1.0,0.0,0.0,0.0,0.0,0.0,0.0,0.0,1.0,0.0,0.0,0.0,0.16666666666666666
0.5,0.2537313432835821,0.2,0.6666666666666666,0.5294117647058824,0.4585365853658537,0.0024330900243309003,0.0,0.0,0.0,1.0,0.0,0.0,0.0,0.0,0.0,0.0,0.0,0.0,0.0,0.0,1.0,0.0,0.0,0.0,0.0,0.0,0.0,0.0,1.0,0.0,0.0,0.0,0.16666666666666666
0.5,0.33409873708381177,0.2,0.6666666666666666,0.5294117647058824,0.5951219512195122,0.012165450121654502,0.0,0.0,0.0,1.0,0.0,0.0,0.0,0.0,0.0,0.0,0.0,0.0,0.0,0.0,1.0,0.0,0.0,0.0,0.0,0.0,0.0,0.0,1.0,0.0,0.0,0.0,0.16666666666666666
0.5,0.2307692307692308,0.2,0.6666666666666666,0.5294117647058824,0.7268292682926829,0.051094890510948905,0.0,0.0,0.0,1.0,0.0,0.0,0.0,0.0,0.0,0.0,0.0,0.0,0.0,0.0,1.0,0.0,0.0,0.0,0.0,0.0,0.0,0.0,1.0,0.0,0.0,0.0,0.16666666666666666
0.5,0.1733639494833525,0.0,0.0,1.0,0.7268292682926829,0.0072992700729927005,0.5,1.0,0.0,0.0,0.0,0.0,0.0,0.0,0.0,0.0,0.0,0.0,0.0,0.0,1.0,0.0,0.0,0.0,0.0,0.0,0.0,0.0,0.0,0.0,1.0,0.0,0.16666666666666666
0.33333333333333337,0.22502870264064298,0.0,0.6666666666666666,0.4117647058823529,0.5707317073170731,0.031630170316301706,0.0,0.0,0.0,1.0,0.0,0.0,0.0,0.0,0.0,0.0,0.0,0.0,0.0,0.0,1.0,0.0,0.0,0.0,0.0,0.0,0.0,0.0,1.0,0.0,0.0,0.0,0.16666666666666666
0.4,0.34557979334098743,0.2,0.6666666666666666,0.29411764705882354,0.7268292682926829,0.1192214111922141,0.0,0.0,0.0,1.0,0.0,0.0,0.0,0.0,0.0,0.0,0.0,0.0,0.0,0.0,1.0,0.0,0.0,0.0,0.0,0.0,0.0,0.0,1.0,0.0,0.0,0.0,0.16666666666666666
0.4,0.2881745120551091,0.0,0.0,0.8823529411764706,0.6829268292682927,0.0364963503649635,0.0,0.0,0.0,1.0,0.0,0.0,0.0,0.0,0.0,0.0,0.0,0.0,0.0,0.0,1.0,0.0,0.0,0.0,0.0,0.0,0.0,0.0,1.0,0.0,0.0,0.0,0.16666666666666666
0.33333333333333337,0.2881745120551091,0.2,0.6666666666666666,0.23529411764705882,0.5317073170731708,0.012165450121654502,0.0,0.0,0.0,1.0,0.0,0.0,0.0,0.0,0.0,0.0,0.0,0.0,0.0,0.0,1.0,0.0,0.0,0.0,0.0,0.0,0.0,0.0,1.0,0.0,0.0,0.0,0.16666666666666666
0.33333333333333337,0.15040183696900114,0.0,0.6666666666666666,0.5294117647058824,0.7609756097560976,0.0024330900243309003,0.0,0.0,0.0,1.0,0.0,0.0,0.0,0.0,0.0,0.0,0.0,0.0,0.0,0.0,1.0,0.0,0.0,0.0,0.0,0.0,0.0,0.0,0.0,0.0,1.0,0.0,0.16666666666666666
0.33333333333333337,0.15040183696900114,0.2,0.6666666666666666,0.29411764705882354,0.7609756097560976,0.06569343065693431,0.0,0.0,0.0,1.0,0.0,0.0,0.0,0.0,0.0,0.0,0.0,0.0,0.0,0.0,1.0,0.0,0.0,0.0,0.0,0.0,0.0,0.0,1.0,0.0,0.0,0.0,0.16666666666666666
0.6666666666666667,0.2881745120551091,0.2,0.6666666666666666,0.29411764705882354,0.7902439024390244,0.08029197080291971,0.0,0.0,0.0,1.0,0.0,0.0,0.0,0.0,0.0,0.0,0.0,0.0,0.0,0.0,1.0,0.0,0.0,0.0,0.0,0.0,0.0,0.0,1.0,0.0,0.0,0.0,0.16666666666666666
0.5,0.15040183696900114,0.2,0.0,0.17647058823529413,0.424390243902439,0.031630170316301706,0.5,0.0,0.0,0.0,1.0,0.0,0.0,0.0,0.0,0.0,0.0,0.0,0.0,0.0,1.0,0.0,0.0,0.0,0.0,0.0,0.0,0.0,0.0,0.0,1.0,0.0,0.16666666666666666
0.6666666666666667,0.26521239954075776,0.2,0.6666666666666666,0.23529411764705882,0.751219512195122,0.0413625304136253,0.0,0.0,0.0,1.0,0.0,0.0,0.0,0.0,0.0,0.0,0.0,0.0,0.0,0.0,1.0,0.0,0.0,0.0,0.0,0.0,0.0,0.0,1.0,0.0,0.0,0.0,0.16666666666666666
0.5,0.2881745120551091,0.2,0.6666666666666666,0.29411764705882354,0.7560975609756098,0.05596107055961071,0.0,0.0,0.0,1.0,0.0,0.0,0.0,0.0,0.0,0.0,0.0,0.0,0.0,0.0,1.0,0.0,0.0,0.0,0.0,0.0,0.0,0.0,1.0,0.0,0.0,0.0,0.16666666666666666
0.33333333333333337,0.08151549942594719,0.0,0.0,0.058823529411764705,0.6634146341463415,0.012165450121654502,0.5,0.0,0.0,0.0,1.0,0.0,0.0,0.0,0.0,0.0,0.0,0.0,0.0,0.0,1.0,0.0,0.0,0.0,0.0,0.0,0.0,0.0,1.0,0.0,0.0,0.0,0.16666666666666666
0.33333333333333337,0.07577497129735936,0.0,0.0,0.29411764705882354,0.6780487804878049,0.19708029197080293,0.75,0.0,0.0,0.0,0.0,0.0,0.0,0.0,1.0,0.0,0.0,0.0,0.0,0.0,1.0,0.0,0.0,0.0,0.0,0.0,0.0,0.0,0.0,0.0,1.0,0.0,0.16666666666666666
0.33333333333333337,0.16188289322617683,0.3,0.0,0.4117647058823529,0.6926829268292682,0.0734793187347932,0.75,0.0,0.0,0.0,0.0,0.0,0.0,0.0,1.0,0.0,0.0,0.0,0.0,0.0,1.0,0.0,0.0,0.0,0.0,0.0,0.0,0.0,1.0,0.0,0.0,0.0,0.16666666666666666
0.33333333333333337,0.15040183696900114,0.2,0.0,0.058823529411764705,0.3463414634146341,0.035523114355231145,0.5,0.0,0.0,0.0,1.0,0.0,0.0,0.0,0.0,0.0,0.0,0.0,0.0,0.0,0.0,0.0,0.0,0.0,0.0,0.0,1.0,0.0,1.0,0.0,0.0,0.0,0.16666666666666666
0.33333333333333337,0.08381171067738231,0.2,0.0,0.29411764705882354,0.32195121951219513,0.0880778588807786,0.5,0.0,0.0,0.0,1.0,0.0,0.0,0.0,0.0,0.0,0.0,0.0,0.0,0.0,0.0,0.0,0.0,0.0,0.0,0.0,1.0,0.0,1.0,0.0,0.0,0.0,0.16666666666666666
0.33333333333333337,0.08381171067738231,0.2,0.0,0.35294117647058826,0.5073170731707317,0.05790754257907542,0.75,0.0,0.0,0.0,1.0,0.0,0.0,0.0,0.0,0.0,0.0,0.0,0.0,0.0,0.0,0.0,0.0,0.0,0.0,0.0,1.0,0.0,0.0,0.0,1.0,0.0,0.16666666666666666
0.6666666666666667,0.6670493685419059,0.1,0.0,0.4117647058823529,0.8097560975609757,0.0705596107055961,0.5,0.0,0.0,0.0,0.0,0.0,0.0,0.0,1.0,0.0,0.0,0.0,0.0,0.0,0.0,1.0,0.0,0.0,0.0,0.0,0.0,0.0,1.0,0.0,0.0,0.0,0.16666666666666666
0.33333333333333337,0.05855338691159587,0.0,0.0,0.29411764705882354,0.7707317073170732,0.049148418491484186,0.5,0.0,0.0,0.0,1.0,0.0,0.0,0.0,0.0,0.0,0.0,0.0,0.0,0.0,0.0,0.0,0.0,0.0,0.0,1.0,0.0,0.0,1.0,0.0,0.0,0.0,0.16666666666666666
0.5,0.2078071182548795,0.2,0.0,0.29411764705882354,0.47804878048780486,0.0535279805352798,0.5,0.0,0.0,0.0,1.0,0.0,0.0,0.0,0.0,0.0,0.0,0.0,0.0,0.0,1.0,0.0,0.0,0.0,0.0,0.0,0.0,0.0,1.0,0.0,0.0,0.0,0.16666666666666666
0.3666666666666667,0.13892078071182548,0.2,0.0,0.4117647058823529,0.5317073170731708,0.031630170316301706,0.5,0.0,0.0,0.0,0.0,0.0,0.0,0.0,1.0,0.0,0.0,0.0,0.0,0.0,0.0,0.0,0.0,0.0,0.0,0.0,1.0,0.0,1.0,0.0,0.0,0.0,0.16666666666666666
0.6666666666666667,0.5522388059701493,0.5,0.0,0.17647058823529413,0.7268292682926829,0.5571776155717761,0.75,0.0,0.0,0.0,1.0,0.0,0.0,0.0,0.0,0.0,0.0,0.0,0.0,0.0,1.0,0.0,0.0,0.0,0.0,0.0,0.0,0.0,0.0,0.0,1.0,0.0,0.16666666666666666
0.5,0.34557979334098743,0.2,0.0,0.4117647058823529,0.7121951219512195,0.0948905109489051,0.0,0.0,0.0,1.0,0.0,0.0,0.0,0.0,0.0,0.0,0.0,0.0,0.0,0.0,1.0,0.0,0.0,0.0,0.0,0.0,0.0,0.0,0.0,0.0,1.0,0.0,0.16666666666666666
0.6666666666666667,0.26521239954075776,0.6,0.0,0.058823529411764705,0.7170731707317073,0.36739659367396593,0.5,0.0,0.0,0.0,1.0,0.0,0.0,0.0,0.0,0.0,0.0,0.0,0.0,0.0,1.0,0.0,0.0,0.0,0.0,0.0,0.0,0.0,0.0,0.0,1.0,0.0,0.16666666666666666
0.6666666666666667,0.5988518943742825,0.4,1.0,0.17647058823529413,0.6292682926829268,0.145985401459854,0.5,1.0,0.0,0.0,0.0,0.0,0.0,0.0,0.0,0.0,0.0,0.0,0.0,0.0,1.0,0.0,0.0,0.0,0.0,0.0,0.0,0.0,0.0,1.0,0.0,0.0,0.16666666666666666
0.6666666666666667,0.39150401836969007,0.4,0.6666666666666666,0.11764705882352941,0.7268292682926829,0.3221411192214112,0.5,0.0,0.0,0.0,1.0,0.0,0.0,0.0,0.0,0.0,0.0,0.0,0.0,0.0,1.0,0.0,0.0,0.0,0.0,0.0,0.0,0.0,1.0,0.0,0.0,0.0,0.16666666666666666
0.6666666666666667,0.16337543053960965,0.4,0.0,0.058823529411764705,0.7121951219512195,0.2167396593673966,0.0,0.0,0.0,1.0,0.0,0.0,0.0,0.0,0.0,0.0,0.0,0.0,0.0,0.0,1.0,0.0,0.0,0.0,0.0,0.0,0.0,0.0,1.0,0.0,0.0,0.0,0.16666666666666666
0.6666666666666667,0.5752009184845006,0.4,0.0,0.29411764705882354,0.7609756097560976,0.34306569343065696,0.0,0.0,0.0,1.0,0.0,0.0,0.0,0.0,0.0,0.0,0.0,0.0,0.0,0.0,1.0,0.0,0.0,0.0,0.0,0.0,0.0,0.0,1.0,0.0,0.0,0.0,0.16666666666666666
0.6666666666666667,0.2996555683122848,0.4,0.6666666666666666,0.7647058823529411,0.7170731707317073,0.0851581508515815,0.0,0.0,0.0,1.0,0.0,0.0,0.0,0.0,0.0,0.0,0.0,0.0,0.0,0.0,1.0,0.0,0.0,0.0,0.0,0.0,0.0,0.0,1.0,0.0,0.0,0.0,0.16666666666666666
0.6666666666666667,0.23903559127439727,0.2,0.0,0.35294117647058826,0.34146341463414637,0.051094890510948905,0.5,0.0,0.0,0.0,1.0,0.0,0.0,0.0,0.0,0.0,0.0,0.0,0.0,0.0,1.0,0.0,0.0,0.0,0.0,0.0,0.0,0.0,0.0,0.0,1.0,0.0,0.16666666666666666
0.5,0.2078071182548795,0.2,0.0,0.17647058823529413,0.6,0.0267639902676399,0.75,1.0,0.0,0.0,0.0,0.0,0.0,0.0,0.0,0.0,0.0,0.0,0.0,0.0,0.0,0.0,1.0,0.0,0.0,0.0,0.0,0.0,0.0,0.0,1.0,0.0,0.16666666666666666
0.0,0.33409873708381177,0.2,0.6666666666666666,0.35294117647058826,0.43414634146341463,0.06384428223844282,0.5,0.0,0.0,0.0,1.0,0.0,0.0,0.0,0.0,0.0,0.0,0.0,0.0,0.0,1.0,0.0,0.0,0.0,0.0,0.0,0.0,0.0,0.0,0.0,1.0,0.0,0.16666666666666666
0.5833333333333334,0.11595866819747418,0.6,0.0,0.7647058823529411,0.8829268292682927,0.09975669099756691,0.0,1.0,0.0,0.0,0.0,0.0,0.0,0.0,0.0,0.0,0.0,0.0,0.0,1.0,0.0,0.0,0.0,0.0,0.0,0.0,0.0,0.0,1.0,0.0,0.0,0.0,0.16666666666666666
0.5,0.4029850746268657,0.4,0.0,0.35294117647058826,0.424390243902439,0.08759124087591241,0.5,1.0,0.0,0.0,0.0,0.0,0.0,0.0,0.0,0.0,0.0,0.0,0.0,0.0,1.0,0.0,0.0,0.0,0.0,0.0,0.0,0.0,1.0,0.0,0.0,0.0,0.16666666666666666
0.5,0.19058553386911598,0.4,0.0,0.5294117647058824,0.6390243902439025,0.09245742092457421,0.5,0.0,0.0,0.0,0.0,0.0,0.0,0.0,1.0,0.0,0.0,0.0,0.0,0.0,1.0,0.0,0.0,0.0,0.0,0.0,0.0,0.0,0.0,0.0,1.0,0.0,0.16666666666666666
0.5,0.07577497129735936,0.2,0.3333333333333333,0.5294117647058824,0.8390243902439024,0.029197080291970802,0.0,0.0,0.0,1.0,0.0,0.0,0.0,0.0,0.0,0.0,0.0,0.0,0.0,1.0,0.0,0.0,0.0,0.0,0.0,0.0,0.0,0.0,1.0,0.0,0.0,0.0,0.16666666666666666
0.5,0.012629161882893224,0.2,0.0,0.29411764705882354,0.22926829268292684,0.038929440389294405,0.5,0.0,0.0,0.0,1.0,0.0,0.0,0.0,0.0,0.0,0.0,0.0,0.0,0.0,1.0,0.0,0.0,0.0,0.0,0.0,0.0,0.0,0.0,0.0,1.0,0.0,0.16666666666666666
0.4,0.2479908151549943,0.0,0.0,0.17647058823529413,0.3121951219512195,0.0340632603406326,0.5,0.0,0.0,0.0,1.0,0.0,0.0,0.0,0.0,0.0,0.0,0.0,0.0,0.0,1.0,0.0,0.0,0.0,0.0,0.0,0.0,0.0,0.0,0.0,1.0,0.0,0.16666666666666666
0.3666666666666667,0.006888633754305392,0.0,0.0,0.7647058823529411,0.6829268292682927,0.0024330900243309003,0.5,0.0,0.0,0.0,0.0,0.0,0.0,0.0,1.0,0.0,0.0,0.0,0.0,0.0,1.0,0.0,0.0,0.0,0.0,0.0,0.0,0.0,1.0,0.0,0.0,0.0,0.16666666666666666
0.5,0.1044776119402985,0.2,0.0,0.35294117647058826,0.6926829268292682,0.3381995133819951,0.75,0.0,0.0,0.0,1.0,0.0,0.0,0.0,0.0,0.0,0.0,0.0,0.0,0.0,1.0,0.0,0.0,0.0,0.0,0.0,0.0,0.0,1.0,0.0,0.0,0.0,0.16666666666666666
0.3666666666666667,0.19058553386911598,0.2,0.0,0.4117647058823529,0.33658536585365856,0.046228710462287104,0.5,0.0,0.0,0.0,1.0,0.0,0.0,0.0,0.0,0.0,0.0,0.0,0.0,0.0,1.0,0.0,0.0,0.0,0.0,0.0,0.0,0.0,1.0,0.0,0.0,0.0,0.16666666666666666
0.4,0.2766934557979334,0.3,0.0,0.5294117647058824,0.4585365853658537,0.029197080291970802,0.5,1.0,0.0,0.0,0.0,0.0,0.0,0.0,0.0,0.0,0.0,0.0,0.0,0.0,1.0,0.0,0.0,0.0,0.0,0.0,0.0,0.0,0.0,0.0,1.0,0.0,0.16666666666666666
0.5,0.4029850746268657,0.1,0.0,0.058823529411764705,0.5707317073170731,0.1873479318734793,0.75,1.0,0.0,0.0,0.0,0.0,0.0,0.0,0.0,0.0,0.0,0.0,0.0,0.0,1.0,0.0,0.0,0.0,0.0,0.0,0.0,0.0,1.0,0.0,0.0,0.0,0.16666666666666666
0.33333333333333337,0.07577497129735936,0.1,0.0,0.4117647058823529,0.7414634146341463,0.029197080291970802,1.0,0.0,0.0,0.0,1.0,0.0,0.0,0.0,0.0,0.0,0.0,0.0,0.0,0.0,0.0,0.0,0.0,0.0,0.0,0.0,1.0,0.0,1.0,0.0,0.0,0.0,0.6666666666666666
0.3666666666666667,0.05281285878300804,0.1,0.0,0.29411764705882354,0.7707317073170732,0.0413625304136253,0.75,0.0,0.0,0.0,1.0,0.0,0.0,0.0,0.0,0.0,0.0,0.0,0.0,0.0,0.0,0.0,0.0,0.0,0.0,0.0,1.0,0.0,1.0,0.0,0.0,0.0,0.6666666666666666
0.5,0.07577497129735936,0.0,0.0,0.6470588235294118,0.7658536585365854,0.038929440389294405,0.75,0.0,0.0,0.0,1.0,0.0,0.0,0.0,0.0,0.0,0.0,0.0,0.0,0.0,0.0,0.0,0.0,0.0,0.0,0.0,1.0,0.0,0.0,1.0,0.0,0.0,0.6666666666666666
0.5,0.26521239954075776,0.2,0.0,0.29411764705882354,0.36585365853658536,0.06082725060827251,0.5,0.0,0.0,0.0,1.0,0.0,0.0,0.0,0.0,0.0,0.0,0.0,0.0,0.0,1.0,0.0,0.0,0.0,0.0,0.0,0.0,0.0,0.0,0.0,1.0,0.0,0.16666666666666666
0.5,0.12743972445464982,0.2,0.0,0.17647058823529413,0.14146341463414633,0.06326034063260341,0.75,0.0,0.0,0.0,1.0,0.0,0.0,0.0,0.0,0.0,0.0,0.0,0.0,0.0,1.0,0.0,0.0,0.0,0.0,0.0,0.0,0.0,0.0,0.0,1.0,0.0,0.16666666666666666
0.33333333333333337,0.26521239954075776,0.1,0.0,0.0,0.48292682926829267,0.0705596107055961,0.75,0.0,0.0,0.0,1.0,0.0,0.0,0.0,0.0,0.0,0.0,0.0,0.0,0.0,0.0,0.0,0.0,0.0,0.0,0.0,1.0,0.0,0.0,0.0,1.0,0.0,0.16666666666666666
0.5,0.2881745120551091,0.2,0.0,0.4117647058823529,0.2926829268292683,0.0681265206812652,0.5,0.0,0.0,0.0,0.0,0.0,0.0,0.0,1.0,0.0,0.0,0.0,0.0,0.0,1.0,0.0,0.0,0.0,0.0,0.0,0.0,0.0,0.0,0.0,1.0,0.0,0.16666666666666666
0.5,0.09873708381171067,0.2,0.0,0.4117647058823529,0.2097560975609756,0.046228710462287104,0.5,0.0,0.0,0.0,1.0,0.0,0.0,0.0,0.0,0.0,0.0,0.0,0.0,0.0,0.0,0.0,0.0,0.0,0.0,0.0,1.0,0.0,1.0,0.0,0.0,0.0,0.16666666666666666
0.5,0.13892078071182548,0.2,0.0,0.11764705882352941,0.1902439024390244,0.0340632603406326,0.75,0.0,0.0,0.0,1.0,0.0,0.0,0.0,0.0,0.0,0.0,0.0,0.0,0.0,1.0,0.0,0.0,0.0,0.0,0.0,0.0,0.0,1.0,0.0,0.0,0.0,0.6666666666666666
0.5,0.1963260619977038,0.2,0.0,0.4117647058823529,0.3853658536585366,0.051094890510948905,0.5,0.0,0.0,0.0,1.0,0.0,0.0,0.0,0.0,0.0,0.0,0.0,0.0,0.0,1.0,0.0,0.0,0.0,0.0,0.0,0.0,0.0,1.0,0.0,0.0,0.0,0.16666666666666666
0.5,0.13318025258323765,0.2,0.0,0.29411764705882354,0.43414634146341463,0.057566909975669094,0.75,0.0,0.0,0.0,1.0,0.0,0.0,0.0,0.0,0.0,0.0,0.0,0.0,0.0,1.0,0.0,0.0,0.0,0.0,0.0,0.0,0.0,1.0,0.0,0.0,0.0,0.16666666666666666
0.5,0.156142365097589,0.2,0.0,0.17647058823529413,0.23902439024390243,0.06326034063260341,0.75,0.0,0.0,0.0,1.0,0.0,0.0,0.0,0.0,0.0,0.0,0.0,0.0,0.0,1.0,0.0,0.0,0.0,0.0,0.0,0.0,0.0,0.0,0.0,1.0,0.0,0.3333333333333333
0.5,0.21354764638346732,0.2,0.0,0.5294117647058824,0.5951219512195122,0.1192214111922141,0.5,1.0,0.0,0.0,0.0,0.0,0.0,0.0,0.0,0.0,0.0,0.0,0.0,0.0,1.0,0.0,0.0,0.0,0.0,0.0,0.0,0.0,0.0,0.0,1.0,0.0,0.5
0.3666666666666667,0.09873708381171067,0.2,0.0,0.29411764705882354,0.36097560975609755,0.06569343065693431,0.5,0.0,0.0,0.0,1.0,0.0,0.0,0.0,0.0,0.0,0.0,0.0,0.0,0.0,0.0,0.0,0.0,0.0,0.0,0.0,1.0,0.0,0.0,0.0,1.0,0.0,0.5
0.5,0.16762342135476466,0.2,0.0,0.5294117647058824,0.28292682926829266,0.019464720194647202,0.75,0.0,0.0,0.0,1.0,0.0,0.0,0.0,0.0,0.0,0.0,0.0,0.0,0.0,1.0,0.0,0.0,0.0,0.0,0.0,0.0,0.0,0.0,0.0,1.0,0.0,0.16666666666666666
0.5,0.1963260619977038,0.0,0.0,0.058823529411764705,0.2146341463414634,0.06082725060827251,0.75,0.0,0.0,0.0,1.0,0.0,0.0,0.0,0.0,0.0,0.0,0.0,0.0,0.0,1.0,0.0,0.0,0.0,0.0,0.0,0.0,0.0,1.0,0.0,0.0,0.0,0.16666666666666666
0.4,0.13318025258323765,0.2,0.0,0.17647058823529413,0.775609756097561,0.06082725060827251,0.75,0.0,0.0,0.0,1.0,0.0,0.0,0.0,0.0,0.0,0.0,0.0,0.0,0.0,1.0,0.0,0.0,0.0,0.0,0.0,0.0,0.0,1.0,0.0,0.0,0.0,0.16666666666666666
0.5,0.16188289322617683,0.2,0.0,0.29411764705882354,0.697560975609756,0.051094890510948905,0.5,1.0,0.0,0.0,0.0,0.0,0.0,0.0,0.0,0.0,0.0,0.0,0.0,0.0,1.0,0.0,0.0,0.0,0.0,0.0,0.0,0.0,1.0,0.0,0.0,0.0,0.16666666666666666
0.5,0.08151549942594719,0.2,0.0,0.4117647058823529,0.09268292682926829,0.072992700729927,0.5,0.0,0.0,0.0,1.0,0.0,0.0,0.0,0.0,0.0,0.0,0.0,0.0,0.0,1.0,0.0,0.0,0.0,0.0,0.0,0.0,0.0,1.0,0.0,0.0,0.0,0.16666666666666666
0.5,0.11021814006888635,0.2,0.0,0.058823529411764705,0.18536585365853658,0.1873479318734793,0.5,1.0,0.0,0.0,0.0,0.0,0.0,0.0,0.0,0.0,0.0,0.0,0.0,0.0,1.0,0.0,0.0,0.0,0.0,0.0,0.0,0.0,1.0,0.0,0.0,0.0,0.16666666666666666
0.5833333333333334,0.19058553386911598,0.2,0.0,0.7647058823529411,0.6439024390243903,0.11435523114355231,0.5,0.0,0.0,0.0,0.0,0.0,0.0,0.0,1.0,0.0,0.0,0.0,0.0,0.0,1.0,0.0,0.0,0.0,0.0,0.0,0.0,0.0,1.0,0.0,0.0,0.0,0.16666666666666666
0.6666666666666667,0.7359357060849598,0.0,0.0,0.058823529411764705,0.24878048780487805,0.0681265206812652,0.5,0.0,0.0,0.0,1.0,0.0,0.0,0.0,0.0,0.0,0.0,0.0,0.0,0.0,1.0,0.0,0.0,0.0,0.0,0.0,0.0,0.0,0.0,0.0,1.0,0.0,0.16666666666666666
0.5,0.21928817451205515,0.2,0.0,0.23529411764705882,0.3463414634146341,0.058394160583941604,0.5,0.0,0.0,0.0,1.0,0.0,0.0,0.0,0.0,0.0,0.0,0.0,0.0,0.0,1.0,0.0,0.0,0.0,0.0,0.0,0.0,0.0,0.0,0.0,1.0,0.0,0.16666666666666666
0.5,0.4316877152698049,0.2,0.0,0.17647058823529413,0.23902439024390243,0.031630170316301706,0.75,0.0,0.0,0.0,0.0,0.0,0.0,0.0,1.0,0.0,0.0,0.0,0.0,0.0,1.0,0.0,0.0,0.0,0.0,0.0,0.0,0.0,0.0,0.0,1.0,0.0,0.16666666666666666
0.5833333333333334,0.5752009184845006,0.2,0.0,0.11764705882352941,0.3951219512195122,0.1873479318734793,0.5,1.0,0.0,0.0,0.0,0.0,0.0,0.0,0.0,0.0,0.0,0.0,0.0,0.0,1.0,0.0,0.0,0.0,0.0,0.0,0.0,0.0,0.0,0.0,1.0,0.0,0.16666666666666666
1.0,0.28243398392652125,0.3,0.0,0.4117647058823529,0.0,0.0948905109489051,0.75,0.0,0.0,0.0,1.0,0.0,0.0,0.0,0.0,0.0,0.0,0.0,0.0,0.0,1.0,0.0,0.0,0.0,0.0,0.0,0.0,0.0,0.0,0.0,1.0,0.0,0.16666666666666666
0.5,0.19058553386911598,0.6,0.0,0.35294117647058826,0.36097560975609755,0.145985401459854,0.5,0.0,0.0,0.0,0.0,0.0,0.0,0.0,1.0,0.0,0.0,0.0,0.0,0.0,1.0,0.0,0.0,0.0,0.0,0.0,0.0,0.0,1.0,0.0,0.0,0.0,0.16666666666666666
0.4166666666666667,0.1733639494833525,0.2,0.0,0.23529411764705882,0.024390243902439025,0.09975669099756691,0.75,0.0,0.0,0.0,1.0,0.0,0.0,0.0,0.0,0.0,0.0,0.0,0.0,0.0,1.0,0.0,0.0,0.0,0.0,0.0,0.0,0.0,0.0,0.0,1.0,0.0,0.16666666666666666
0.6666666666666667,0.13892078071182548,0.2,0.0,0.0,0.6195121951219512,0.043795620437956206,0.75,0.0,0.0,0.0,1.0,0.0,0.0,0.0,0.0,0.0,0.0,0.0,0.0,0.0,1.0,0.0,0.0,0.0,0.0,0.0,0.0,0.0,1.0,0.0,0.0,0.0,0.16666666666666666
0.5,0.494833524684271,0.0,0.0,0.058823529411764705,0.4926829268292683,0.0413625304136253,0.5,0.0,0.0,0.0,1.0,0.0,0.0,0.0,0.0,0.0,0.0,0.0,0.0,0.0,1.0,0.0,0.0,0.0,0.0,0.0,0.0,0.0,0.0,0.0,1.0,0.0,0.16666666666666666
0.75,0.6440872560275546,0.2,0.0,0.4117647058823529,0.7560975609756098,0.0948905109489051,0.0,0.0,0.0,1.0,0.0,0.0,0.0,0.0,0.0,0.0,0.0,0.0,0.0,0.0,1.0,0.0,0.0,0.0,0.0,0.0,0.0,0.0,1.0,0.0,0.0,0.0,0.16666666666666666
0.5,0.19058553386911598,0.2,0.0,0.11764705882352941,0.33658536585365856,0.05596107055961071,1.0,0.0,0.0,0.0,1.0,0.0,0.0,0.0,0.0,0.0,0.0,0.0,0.0,0.0,1.0,0.0,0.0,0.0,0.0,0.0,0.0,0.0,1.0,0.0,0.0,0.0,0.16666666666666666
0.5,0.04707233065442021,0.2,0.0,0.29411764705882354,0.00975609756097561,0.0681265206812652,0.5,0.0,0.0,0.0,1.0,0.0,0.0,0.0,0.0,0.0,0.0,0.0,0.0,0.0,1.0,0.0,0.0,0.0,0.0,0.0,0.0,0.0,1.0,0.0,0.0,0.0,0.16666666666666666
0.5,0.13892078071182548,0.2,0.0,0.35294117647058826,0.21951219512195122,0.051094890510948905,0.5,0.0,0.0,0.0,1.0,0.0,0.0,0.0,0.0,0.0,0.0,0.0,0.0,0.0,1.0,0.0,0.0,0.0,0.0,0.0,0.0,0.0,1.0,0.0,0.0,0.0,0.16666666666666666
0.5,0.1044776119402985,0.1,0.0,0.23529411764705882,0.04390243902439024,0.08029197080291971,0.5,0.0,0.0,0.0,1.0,0.0,0.0,0.0,0.0,0.0,0.0,0.0,0.0,0.0,1.0,0.0,0.0,0.0,0.0,0.0,0.0,0.0,0.0,0.0,1.0,0.0,0.16666666666666666
0.5,0.05281285878300804,0.0,0.0,0.4117647058823529,0.09268292682926829,0.0535279805352798,0.75,0.0,0.0,0.0,1.0,0.0,0.0,0.0,0.0,0.0,0.0,0.0,0.0,0.0,0.0,0.0,1.0,0.0,0.0,0.0,0.0,0.0,0.0,0.0,1.0,0.0,0.16666666666666666
0.5,0.09299655568312284,0.0,0.0,0.17647058823529413,0.16585365853658537,0.1192214111922141,0.5,0.0,0.0,0.0,0.0,0.0,0.0,0.0,1.0,0.0,0.0,0.0,0.0,0.0,1.0,0.0,0.0,0.0,0.0,0.0,0.0,0.0,1.0,0.0,0.0,0.0,0.16666666666666666
0.6666666666666667,0.11021814006888635,0.1,0.0,0.23529411764705882,0.09268292682926829,0.06569343065693431,0.75,0.0,0.0,0.0,1.0,0.0,0.0,0.0,0.0,0.0,0.0,0.0,0.0,0.0,1.0,0.0,0.0,0.0,0.0,0.0,0.0,0.0,0.0,0.0,1.0,0.0,0.16666666666666666
0.75,0.09873708381171067,0.2,0.0,0.17647058823529413,0.09268292682926829,0.021897810218978103,0.5,0.0,0.0,0.0,1.0,0.0,0.0,0.0,0.0,0.0,0.0,0.0,0.0,0.0,1.0,0.0,0.0,0.0,0.0,0.0,0.0,0.0,0.0,0.0,1.0,0.0,0.16666666666666666
0.33333333333333337,0.08151549942594719,0.2,0.0,0.17647058823529413,0.48292682926829267,0.06326034063260341,0.75,0.0,0.0,0.0,1.0,0.0,0.0,0.0,0.0,0.0,0.0,0.0,0.0,0.0,1.0,0.0,0.0,0.0,0.0,0.0,0.0,0.0,0.0,1.0,0.0,0.0,0.16666666666666666
0.5,0.17910447761194032,0.0,0.0,0.058823529411764705,0.6878048780487804,0.17274939172749393,0.5,0.0,0.0,0.0,1.0,0.0,0.0,0.0,0.0,0.0,0.0,0.0,0.0,0.0,1.0,0.0,0.0,0.0,0.0,0.0,0.0,0.0,0.0,0.0,1.0,0.0,0.16666666666666666
0.5,0.09299655568312284,0.2,0.0,0.29411764705882354,0.6,0.0267639902676399,0.5,0.0,0.0,0.0,0.0,0.0,0.0,0.0,1.0,0.0,0.0,0.0,0.0,0.0,1.0,0.0,0.0,0.0,0.0,0.0,0.0,0.0,1.0,0.0,0.0,0.0,0.16666666666666666
0.33333333333333337,0.121699196326062,0.2,0.0,0.11764705882352941,0.48292682926829267,0.0827250608272506,0.5,0.0,0.0,0.0,1.0,0.0,0.0,0.0,0.0,0.0,0.0,0.0,0.0,0.0,1.0,0.0,0.0,0.0,0.0,0.0,0.0,0.0,1.0,0.0,0.0,0.0,0.16666666666666666
0.33333333333333337,0.05855338691159587,0.2,0.0,0.058823529411764705,0.6341463414634146,0.051094890510948905,0.5,0.0,0.0,0.0,0.0,1.0,0.0,0.0,0.0,0.0,0.0,0.0,0.0,0.0,1.0,0.0,0.0,0.0,0.0,0.0,0.0,0.0,1.0,0.0,0.0,0.0,0.16666666666666666
0.5,0.08151549942594719,0.2,0.6666666666666666,0.29411764705882354,0.7707317073170732,0.031630170316301706,0.0,0.0,0.0,1.0,0.0,0.0,0.0,0.0,0.0,0.0,0.0,0.0,0.0,0.0,1.0,0.0,0.0,0.0,0.0,0.0,0.0,0.0,1.0,0.0,0.0,0.0,0.16666666666666666
0.4166666666666667,0.16762342135476466,0.1,0.0,0.29411764705882354,0.7268292682926829,0.0267639902676399,0.5,0.0,0.0,0.0,0.0,0.0,0.0,0.0,1.0,0.0,0.0,0.0,0.0,0.0,1.0,0.0,0.0,0.0,0.0,0.0,0.0,0.0,1.0,0.0,0.0,0.0,0.16666666666666666
0.5,0.11021814006888635,0.1,0.0,0.29411764705882354,0.7268292682926829,0.031630170316301706,0.5,0.0,0.0,0.0,0.0,0.0,0.0,0.0,1.0,0.0,0.0,0.0,0.0,0.0,1.0,0.0,0.0,0.0,0.0,0.0,0.0,0.0,1.0,0.0,0.0,0.0,0.16666666666666666
0.5333333333333333,0.19058553386911598,0.0,0.0,0.11764705882352941,0.7365853658536585,0.06082725060827251,0.75,0.0,0.0,0.0,1.0,0.0,0.0,0.0,0.0,0.0,0.0,0.0,0.0,0.0,1.0,0.0,0.0,0.0,0.0,0.0,0.0,0.0,1.0,0.0,0.0,0.0,0.16666666666666666
0.5,0.2078071182548795,0.2,0.0,0.23529411764705882,0.6097560975609756,0.0535279805352798,0.5,0.0,0.0,0.0,0.0,0.0,0.0,0.0,1.0,0.0,0.0,0.0,0.0,0.0,1.0,0.0,0.0,0.0,0.0,0.0,0.0,0.0,1.0,0.0,0.0,0.0,0.16666666666666666
0.5,0.2766934557979334,0.2,0.0,0.23529411764705882,0.2682926829268293,0.08029197080291971,0.5,0.0,0.0,0.0,1.0,0.0,0.0,0.0,0.0,0.0,0.0,0.0,0.0,0.0,1.0,0.0,0.0,0.0,0.0,0.0,0.0,0.0,1.0,0.0,0.0,0.0,0.16666666666666666
0.33333333333333337,0.12743972445464982,0.2,0.0,0.11764705882352941,0.5317073170731708,0.046228710462287104,0.5,0.0,0.0,0.0,0.0,0.0,0.0,0.0,1.0,0.0,0.0,0.0,0.0,0.0,1.0,0.0,0.0,0.0,0.0,0.0,0.0,0.0,1.0,0.0,0.0,0.0,0.16666666666666666
0.5,0.16188289322617683,0.1,0.0,0.23529411764705882,0.06341463414634146,0.046228710462287104,0.75,0.0,0.0,0.0,1.0,0.0,0.0,0.0,0.0,0.0,0.0,0.0,0.0,0.0,1.0,0.0,0.0,0.0,0.0,0.0,0.0,0.0,1.0,0.0,0.0,0.0,0.16666666666666666
0.33333333333333337,0.07577497129735936,0.0,0.0,0.11764705882352941,0.5121951219512195,0.009732360097323601,0.5,0.0,0.0,0.0,1.0,0.0,0.0,0.0,0.0,0.0,0.0,0.0,0.0,0.0,1.0,0.0,0.0,0.0,0.0,0.0,0.0,0.0,1.0,0.0,0.0,0.0,0.16666666666666666
0.5,0.21928817451205515,0.2,0.0,0.17647058823529413,0.14146341463414633,0.05596107055961071,0.5,0.0,0.0,0.0,1.0,0.0,0.0,0.0,0.0,0.0,0.0,0.0,0.0,0.0,1.0,0.0,0.0,0.0,0.0,0.0,0.0,0.0,0.0,0.0,1.0,0.0,0.16666666666666666
0.5,0.09299655568312284,0.0,0.6666666666666666,0.4117647058823529,0.5804878048780487,0.0024330900243309003,0.0,0.0,0.0,1.0,0.0,0.0,0.0,0.0,0.0,0.0,0.0,0.0,0.0,0.0,1.0,0.0,0.0,0.0,0.0,0.0,0.0,0.0,1.0,0.0,0.0,0.0,0.16666666666666666
0.75,0.024110218140068883,0.2,0.0,0.17647058823529413,0.04390243902439024,0.046228710462287104,0.5,0.0,0.0,0.0,1.0,0.0,0.0,0.0,0.0,0.0,0.0,0.0,0.0,0.0,1.0,0.0,0.0,0.0,0.0,0.0,0.0,0.0,1.0,0.0,0.0,0.0,0.16666666666666666
0.5,0.12743972445464982,0.2,0.0,0.6470588235294118,0.1951219512195122,0.05596107055961071,0.75,0.0,0.0,0.0,1.0,0.0,0.0,0.0,0.0,0.0,0.0,0.0,0.0,0.0,1.0,0.0,0.0,0.0,0.0,0.0,0.0,0.0,1.0,0.0,0.0,0.0,0.16666666666666666
0.5,0.2307692307692308,0.2,0.0,0.17647058823529413,0.3804878048780488,0.09975669099756691,0.5,0.0,0.0,0.0,0.0,0.0,0.0,0.0,1.0,0.0,0.0,0.0,0.0,0.0,1.0,0.0,0.0,0.0,0.0,0.0,0.0,0.0,1.0,0.0,0.0,0.0,0.16666666666666666
0.33333333333333337,0.16762342135476466,0.2,0.0,0.29411764705882354,0.35121951219512193,0.0413625304136253,0.5,0.0,0.0,0.0,1.0,0.0,0.0,0.0,0.0,0.0,0.0,0.0,0.0,0.0,1.0,0.0,0.0,0.0,0.0,0.0,0.0,0.0,1.0,0.0,0.0,0.0,0.16666666666666666
0.5,0.18484500574052815,0.0,0.0,0.058823529411764705,0.6682926829268293,0.06082725060827251,0.0,0.0,0.0,1.0,0.0,0.0,0.0,0.0,0.0,0.0,0.0,0.0,0.0,0.0,1.0,0.0,0.0,0.0,0.0,0.0,0.0,0.0,1.0,0.0,0.0,0.0,0.16666666666666666
0.5,0.2881745120551091,0.2,0.0,0.11764705882352941,0.7219512195121951,0.1435523114355231,0.5,1.0,0.0,0.0,0.0,0.0,0.0,0.0,0.0,0.0,0.0,0.0,0.0,0.0,1.0,0.0,0.0,0.0,0.0,0.0,0.0,0.0,1.0,0.0,0.0,0.0,0.16666666666666666
0.75,0.16188289322617683,0.2,0.0,0.058823529411764705,0.07317073170731707,0.06082725060827251,0.75,0.0,0.0,0.0,1.0,0.0,0.0,0.0,0.0,0.0,0.0,0.0,0.0,0.0,0.0,0.0,1.0,0.0,0.0,0.0,0.0,0.0,1.0,0.0,0.0,0.0,0.16666666666666666
0.43333333333333335,0.09299655568312284,0.0,0.0,0.058823529411764705,0.23902439024390243,0.031630170316301706,1.0,0.0,0.0,0.0,1.0,0.0,0.0,0.0,0.0,0.0,0.0,0.0,0.0,0.0,1.0,0.0,0.0,0.0,0.0,0.0,0.0,0.0,1.0,0.0,0.0,0.0,0.16666666666666666
0.5,0.1733639494833525,0.2,0.0,0.17647058823529413,0.37073170731707317,0.12652068126520682,0.75,0.0,0.0,0.0,1.0,0.0,0.0,0.0,0.0,0.0,0.0,0.0,0.0,0.0,1.0,0.0,0.0,0.0,0.0,0.0,0.0,0.0,0.0,1.0,0.0,0.0,0.16666666666666666
0.33333333333333337,0.05281285878300804,0.0,0.0,0.4117647058823529,0.6926829268292682,0.0705596107055961,0.5,0.0,0.0,0.0,1.0,0.0,0.0,0.0,0.0,0.0,0.0,0.0,0.0,0.0,0.0,0.0,0.0,0.0,0.0,0.0,1.0,0.0,1.0,0.0,0.0,0.0,0.16666666666666666
0.33333333333333337,0.1044776119402985,0.2,0.0,0.17647058823529413,0.6,0.06569343065693431,0.75,0.0,0.0,0.0,1.0,0.0,0.0,0.0,0.0,0.0,0.0,0.0,0.0,0.0,0.0,0.0,0.0,0.0,0.0,0.0,1.0,0.0,1.0,0.0,0.0,0.0,0.16666666666666666
0.5833333333333334,0.5809414466130884,0.4,0.6666666666666666,0.29411764705882354,0.5609756097560976,0.09975669099756691,0.75,1.0,0.0,0.0,0.0,0.0,0.0,0.0,0.0,0.0,0.0,0.0,0.0,0.0,1.0,0.0,0.0,0.0,0.0,0.0,0.0,0.0,0.0,0.0,1.0,0.0,0.16666666666666666
0.5,0.1733639494833525,0.2,0.0,0.32941176470588235,0.3073170731707317,0.04282238442822385,0.5,0.0,0.0,0.0,1.0,0.0,0.0,0.0,0.0,0.0,0.0,0.0,0.0,0.0,1.0,0.0,0.0,0.0,0.0,0.0,0.0,0.0,0.0,0.0,1.0,0.0,0.16666666666666666
0.5,0.16188289322617683,0.2,0.0,0.29411764705882354,0.526829268292683,0.0340632603406326,0.75,0.0,0.0,0.0,0.0,0.0,0.0,0.0,0.0,1.0,0.0,0.0,0.0,0.0,1.0,0.0,0.0,0.0,0.0,0.0,0.0,0.0,1.0,0.0,0.0,0.0,0.16666666666666666
0.5,0.1733639494833525,0.2,0.0,0.4117647058823529,0.5317073170731708,0.024330900243309004,0.5,0.0,0.0,0.0,0.0,1.0,0.0,0.0,0.0,0.0,0.0,0.0,0.0,0.0,1.0,0.0,0.0,0.0,0.0,0.0,0.0,0.0,1.0,0.0,0.0,0.0,0.16666666666666666
0.5,0.39150401836969007,0.1,0.0,0.32941176470588235,0.6390243902439025,0.031630170316301706,0.75,0.0,0.0,0.0,1.0,0.0,0.0,0.0,0.0,0.0,0.0,0.0,0.0,0.0,1.0,0.0,0.0,0.0,0.0,0.0,0.0,0.0,0.0,0.0,1.0,0.0,0.16666666666666666
0.5,0.1733639494833525,0.2,0.0,0.29411764705882354,0.5609756097560976,0.024330900243309004,0.5,0.0,0.0,0.0,0.0,0.0,0.0,0.0,1.0,0.0,0.0,0.0,0.0,0.0,1.0,0.0,0.0,0.0,0.0,0.0,0.0,0.0,1.0,0.0,0.0,0.0,0.16666666666666666
0.5,0.16762342135476466,0.2,0.0,0.4117647058823529,0.48292682926829267,0.046228710462287104,0.5,1.0,0.0,0.0,0.0,0.0,0.0,0.0,0.0,0.0,0.0,0.0,0.0,0.0,1.0,0.0,0.0,0.0,0.0,0.0,0.0,0.0,1.0,0.0,0.0,0.0,0.16666666666666666
0.5,0.21928817451205515,0.3,0.0,0.4117647058823529,0.5073170731707317,0.043795620437956206,0.75,1.0,0.0,0.0,0.0,0.0,0.0,0.0,0.0,0.0,0.0,0.0,0.0,0.0,1.0,0.0,0.0,0.0,0.0,0.0,0.0,0.0,1.0,0.0,0.0,0.0,0.16666666666666666
0.5,0.16188289322617683,0.2,0.0,0.23529411764705882,0.5609756097560976,0.031630170316301706,0.5,0.0,0.0,0.0,0.0,0.0,0.0,0.0,1.0,0.0,0.0,0.0,0.0,0.0,1.0,0.0,0.0,0.0,0.0,0.0,0.0,0.0,1.0,0.0,0.0,0.0,0.16666666666666666
0.33333333333333337,0.26521239954075776,0.3,0.0,0.35294117647058826,0.5804878048780487,0.019464720194647202,0.75,1.0,0.0,0.0,0.0,0.0,0.0,0.0,0.0,0.0,0.0,0.0,0.0,0.0,0.0,0.0,0.0,0.0,0.0,0.0,1.0,0.0,0.0,1.0,0.0,0.0,0.16666666666666666
0.5,0.20206659012629166,0.2,0.0,0.11764705882352941,0.5560975609756098,0.024330900243309004,0.75,1.0,0.0,0.0,0.0,0.0,0.0,0.0,0.0,0.0,0.0,0.0,0.0,0.0,0.0,0.0,0.0,0.0,0.0,0.0,1.0,0.0,0.0,1.0,0.0,0.0,0.16666666666666666
0.6666666666666667,0.2307692307692308,0.3,0.0,0.4117647058823529,0.48292682926829267,0.031630170316301706,0.5,1.0,0.0,0.0,0.0,0.0,0.0,0.0,0.0,0.0,0.0,0.0,0.0,0.0,1.0,0.0,0.0,0.0,0.0,0.0,0.0,0.0,0.0,1.0,0.0,0.0,0.16666666666666666
0.3666666666666667,0.23650975889781864,0.2,0.0,0.29411764705882354,0.526829268292683,0.0267639902676399,0.75,1.0,0.0,0.0,0.0,0.0,0.0,0.0,0.0,0.0,0.0,0.0,0.0,0.0,0.0,0.0,0.0,0.0,0.0,0.0,1.0,0.0,1.0,0.0,0.0,0.0,0.16666666666666666
0.5,0.22502870264064298,0.2,0.0,0.4117647058823529,0.5317073170731708,0.046228710462287104,0.5,0.0,0.0,0.0,0.0,0.0,0.0,0.0,1.0,0.0,0.0,0.0,0.0,0.0,0.0,0.0,0.0,0.0,0.0,0.0,1.0,0.0,1.0,0.0,0.0,0.0,0.16666666666666666
0.5,0.25947187141216993,0.2,0.0,0.17647058823529413,0.5560975609756098,0.0364963503649635,0.75,0.0,0.0,0.0,0.0,1.0,0.0,0.0,0.0,0.0,0.0,0.0,0.0,0.0,0.0,0.0,0.0,0.0,0.0,0.0,1.0,0.0,1.0,0.0,0.0,0.0,0.16666666666666666
0.5,0.17910447761194032,0.2,0.0,0.23529411764705882,0.48292682926829267,0.051094890510948905,0.5,0.0,0.0,0.0,0.0,0.0,0.0,0.0,1.0,0.0,0.0,0.0,0.0,0.0,1.0,0.0,0.0,0.0,0.0,0.0,0.0,0.0,1.0,0.0,0.0,0.0,0.16666666666666666
0.4,0.1733639494833525,0.3,0.0,0.4117647058823529,0.4634146341463415,0.0705596107055961,0.5,0.0,0.0,0.0,0.0,0.0,0.0,0.0,1.0,0.0,0.0,0.0,0.0,0.0,1.0,0.0,0.0,0.0,0.0,0.0,0.0,0.0,1.0,0.0,0.0,0.0,0.16666666666666666
0.33333333333333337,0.1733639494833525,0.1,0.0,0.29411764705882354,0.6048780487804878,0.031630170316301706,0.75,1.0,0.0,0.0,0.0,0.0,0.0,0.0,0.0,0.0,0.0,0.0,0.0,0.0,0.0,0.0,0.0,0.0,0.0,0.0,1.0,0.0,1.0,0.0,0.0,0.0,0.16666666666666666
0.33333333333333337,0.19058553386911598,0.2,0.0,0.17647058823529413,0.5560975609756098,0.04866180048661801,0.5,0.0,0.0,0.0,0.0,0.0,0.0,0.0,1.0,0.0,0.0,0.0,0.0,0.0,0.0,0.0,0.0,0.0,0.0,0.0,1.0,0.0,0.0,0.0,1.0,0.0,0.16666666666666666
0.5,0.17910447761194032,0.2,0.0,0.4117647058823529,0.5317073170731708,0.038929440389294405,0.5,1.0,0.0,0.0,0.0,0.0,0.0,0.0,0.0,0.0,0.0,0.0,0.0,0.0,1.0,0.0,0.0,0.0,0.0,0.0,0.0,0.0,1.0,0.0,0.0,0.0,0.16666666666666666
0.33333333333333337,0.21928817451205515,0.0,0.0,0.4117647058823529,0.45365853658536587,0.046228710462287104,0.5,0.0,0.0,0.0,1.0,0.0,0.0,0.0,0.0,0.0,0.0,0.0,0.0,0.0,0.0,0.0,0.0,0.0,0.0,0.0,1.0,0.0,1.0,0.0,0.0,0.0,0.16666666666666666
0.3666666666666667,0.1446613088404133,0.2,0.0,0.17647058823529413,0.5317073170731708,0.038929440389294405,0.75,0.0,0.0,0.0,1.0,0.0,0.0,0.0,0.0,0.0,0.0,0.0,0.0,0.0,0.0,0.0,0.0,0.0,0.0,0.0,1.0,0.0,1.0,0.0,0.0,0.0,0.16666666666666666
0.33333333333333337,0.09299655568312284,0.2,0.0,0.35294117647058826,0.4292682926829268,0.07542579075425791,0.5,0.0,0.0,0.0,1.0,0.0,0.0,0.0,0.0,0.0,0.0,0.0,0.0,0.0,0.0,0.0,0.0,0.0,0.0,0.0,1.0,0.0,1.0,0.0,0.0,0.0,0.16666666666666666
0.5833333333333334,0.1733639494833525,0.2,0.0,0.23529411764705882,0.5317073170731708,0.05596107055961071,0.5,0.0,0.0,0.0,1.0,0.0,0.0,0.0,0.0,0.0,0.0,0.0,0.0,0.0,1.0,0.0,0.0,0.0,0.0,0.0,0.0,0.0,1.0,0.0,0.0,0.0,0.16666666666666666
0.33333333333333337,0.12743972445464982,0.2,0.0,0.35294117647058826,0.3024390243902439,0.04866180048661801,0.5,0.0,0.0,0.0,0.0,1.0,0.0,0.0,0.0,0.0,0.0,0.0,0.0,0.0,1.0,0.0,0.0,0.0,0.0,0.0,0.0,0.0,0.0,1.0,0.0,0.0,0.16666666666666666
0.3666666666666667,0.09644087256027556,0.2,0.0,0.11764705882352941,0.5560975609756098,0.023114355231143552,0.5,0.0,0.0,0.0,0.0,0.0,0.0,0.0,1.0,0.0,0.0,0.0,0.0,0.0,0.0,0.0,0.0,0.0,0.0,0.0,1.0,0.0,1.0,0.0,0.0,0.0,0.16666666666666666
0.3666666666666667,0.18484500574052815,0.2,0.0,0.32941176470588235,0.5073170731707317,0.0413625304136253,0.5,0.0,0.0,0.0,1.0,0.0,0.0,0.0,0.0,0.0,0.0,0.0,0.0,0.0,0.0,0.0,0.0,0.0,0.0,0.0,1.0,0.0,0.0,1.0,0.0,0.0,0.16666666666666666
0.5833333333333334,0.33409873708381177,0.0,0.0,0.29411764705882354,0.6390243902439025,0.08029197080291971,0.5,1.0,0.0,0.0,0.0,0.0,0.0,0.0,0.0,0.0,0.0,0.0,0.0,0.0,1.0,0.0,0.0,0.0,0.0,0.0,0.0,0.0,1.0,0.0,0.0,0.0,0.16666666666666666
0.3666666666666667,0.07692307692307691,0.2,0.0,0.23529411764705882,0.48292682926829267,0.052311435523114354,0.5,0.0,0.0,0.0,1.0,0.0,0.0,0.0,0.0,0.0,0.0,0.0,0.0,0.0,0.0,0.0,0.0,0.0,0.0,0.0,1.0,0.0,1.0,0.0,0.0,0.0,0.16666666666666666
0.3666666666666667,0.18484500574052815,0.2,0.0,0.4117647058823529,0.5317073170731708,0.0413625304136253,0.5,1.0,0.0,0.0,0.0,0.0,0.0,0.0,0.0,0.0,0.0,0.0,0.0,0.0,0.0,0.0,0.0,0.0,0.0,0.0,1.0,0.0,0.0,0.0,1.0,0.0,0.16666666666666666
0.33333333333333337,0.13892078071182548,0.2,0.0,0.17647058823529413,0.5317073170731708,0.031630170316301706,0.75,0.0,0.0,0.0,1.0,0.0,0.0,0.0,0.0,0.0,0.0,0.0,0.0,0.0,0.0,0.0,0.0,0.0,0.0,0.0,1.0,0.0,1.0,0.0,0.0,0.0,0.16666666666666666
0.5,0.2078071182548795,0.1,0.0,0.32941176470588235,0.5073170731707317,0.04866180048661801,0.75,1.0,0.0,0.0,0.0,0.0,0.0,0.0,0.0,0.0,0.0,0.0,0.0,0.0,1.0,0.0,0.0,0.0,0.0,0.0,0.0,0.0,1.0,0.0,0.0,0.0,0.16666666666666666
0.5,0.13892078071182548,0.2,0.0,0.29411764705882354,0.48292682926829267,0.0413625304136253,0.75,1.0,0.0,0.0,0.0,0.0,0.0,0.0,0.0,0.0,0.0,0.0,0.0,0.0,1.0,0.0,0.0,0.0,0.0,0.0,0.0,0.0,1.0,0.0,0.0,0.0,0.16666666666666666
0.3666666666666667,0.1446613088404133,0.2,0.0,0.4117647058823529,0.4585365853658537,0.031630170316301706,0.5,1.0,0.0,0.0,0.0,0.0,0.0,0.0,0.0,0.0,0.0,0.0,0.0,0.0,0.0,0.0,0.0,0.0,0.0,0.0,1.0,0.0,1.0,0.0,0.0,0.0,0.16666666666666666
0.3666666666666667,0.13892078071182548,0.1,0.0,0.4117647058823529,0.6780487804878049,0.031630170316301706,0.5,0.0,0.0,0.0,0.0,1.0,0.0,0.0,0.0,0.0,0.0,0.0,0.0,0.0,0.0,0.0,0.0,0.0,0.0,0.0,1.0,0.0,1.0,0.0,0.0,0.0,0.16666666666666666
0.3666666666666667,0.1446613088404133,0.2,0.0,0.11764705882352941,0.5317073170731708,0.0267639902676399,0.75,0.0,0.0,0.0,1.0,0.0,0.0,0.0,0.0,0.0,0.0,0.0,0.0,0.0,0.0,0.0,0.0,0.0,0.0,0.0,1.0,0.0,1.0,0.0,0.0,0.0,0.16666666666666666
0.33333333333333337,0.18484500574052815,0.0,0.0,0.35294117647058826,0.5560975609756098,0.0413625304136253,0.75,0.0,0.0,0.0,0.0,1.0,0.0,0.0,0.0,0.0,0.0,0.0,0.0,0.0,1.0,0.0,0.0,0.0,0.0,0.0,0.0,0.0,0.0,1.0,0.0,0.0,0.16666666666666666
0.5,0.16762342135476466,0.2,0.0,0.29411764705882354,0.5317073170731708,0.0340632603406326,0.5,1.0,0.0,0.0,0.0,0.0,0.0,0.0,0.0,0.0,0.0,0.0,0.0,0.0,1.0,0.0,0.0,0.0,0.0,0.0,0.0,0.0,1.0,0.0,0.0,0.0,0.16666666666666666
0.5,0.17910447761194032,0.2,0.0,0.4117647058823529,0.6146341463414634,0.0340632603406326,0.5,1.0,0.0,0.0,0.0,0.0,0.0,0.0,0.0,0.0,0.0,0.0,0.0,0.0,1.0,0.0,0.0,0.0,0.0,0.0,0.0,0.0,0.0,0.0,1.0,0.0,0.16666666666666666
0.33333333333333337,0.2078071182548795,0.2,0.0,0.5294117647058824,0.5902439024390244,0.0364963503649635,0.5,0.0,0.0,0.0,0.0,0.0,0.0,0.0,1.0,0.0,0.0,0.0,0.0,0.0,1.0,0.0,0.0,0.0,0.0,0.0,0.0,0.0,0.0,0.0,1.0,0.0,0.16666666666666666
0.5,0.7703788748564868,0.2,0.0,0.058823529411764705,0.6439024390243903,0.2773722627737226,0.5,1.0,0.0,0.0,0.0,0.0,0.0,0.0,0.0,0.0,0.0,0.0,0.0,0.0,1.0,0.0,0.0,0.0,0.0,0.0,0.0,0.0,0.0,1.0,0.0,0.0,0.16666666666666666
0.33333333333333337,0.23650975889781864,0.2,0.0,0.32941176470588235,0.5560975609756098,0.009732360097323601,0.75,0.0,0.0,0.0,1.0,0.0,0.0,0.0,0.0,0.0,0.0,0.0,0.0,0.0,1.0,0.0,0.0,0.0,0.0,0.0,0.0,0.0,0.0,1.0,0.0,0.0,0.16666666666666666
0.33333333333333337,0.09299655568312284,0.0,0.0,0.4117647058823529,0.5317073170731708,0.04866180048661801,0.5,0.0,0.0,0.0,1.0,0.0,0.0,0.0,0.0,0.0,0.0,0.0,0.0,0.0,1.0,0.0,0.0,0.0,0.0,0.0,0.0,0.0,1.0,0.0,0.0,0.0,0.16666666666666666
0.33333333333333337,0.18484500574052815,0.0,0.0,0.4117647058823529,0.5902439024390244,0.12895377128953772,0.5,0.0,0.0,0.0,0.0,0.0,0.0,0.0,1.0,0.0,0.0,0.0,0.0,0.0,0.0,1.0,0.0,0.0,0.0,0.0,0.0,0.0,0.0,0.0,1.0,0.0,0.5
0.33333333333333337,0.2709529276693456,0.2,0.0,0.35294117647058826,0.45365853658536587,0.024817518248175182,0.5,0.0,0.0,0.0,0.0,0.0,0.0,0.0,1.0,0.0,0.0,0.0,0.0,0.0,0.0,1.0,0.0,0.0,0.0,0.0,0.0,0.0,1.0,0.0,0.0,0.0,0.3333333333333333
0.33333333333333337,0.4029850746268657,0.2,0.0,0.35294117647058826,0.45365853658536587,0.06569343065693431,0.5,0.0,0.0,0.0,1.0,0.0,0.0,0.0,0.0,0.0,0.0,0.0,0.0,0.0,0.0,1.0,0.0,0.0,0.0,0.0,0.0,0.0,0.0,0.0,1.0,0.0,0.3333333333333333
0.33333333333333337,0.21928817451205515,0.2,0.0,0.29411764705882354,0.45365853658536587,0.019464720194647202,0.5,0.0,0.0,0.0,1.0,0.0,0.0,0.0,0.0,0.0,0.0,0.0,0.0,0.0,0.0,1.0,0.0,0.0,0.0,0.0,0.0,0.0,1.0,0.0,0.0,0.0,0.3333333333333333
0.4,0.12399540757749712,0.0,0.19999999999999998,0.23529411764705882,0.5804878048780487,0.005839416058394161,0.0,0.0,0.0,1.0,0.0,0.0,0.0,0.0,0.0,0.0,0.0,0.0,0.0,0.0,0.0,1.0,0.0,0.0,0.0,0.0,0.0,0.0,0.0,1.0,0.0,0.0,0.3333333333333333
0.4,0.0,0.0,0.0,0.17647058823529413,0.5365853658536586,0.024330900243309004,0.5,0.0,0.0,0.0,1.0,0.0,0.0,0.0,0.0,0.0,0.0,0.0,0.0,0.0,0.0,1.0,0.0,0.0,0.0,0.0,0.0,0.0,0.0,1.0,0.0,0.0,0.3333333333333333
0.33333333333333337,0.1733639494833525,0.1,0.0,0.11764705882352941,0.4926829268292683,0.11523114355231144,0.75,1.0,0.0,0.0,0.0,0.0,0.0,0.0,0.0,0.0,0.0,0.0,0.0,0.0,0.0,1.0,0.0,0.0,0.0,0.0,0.0,0.0,0.0,0.0,1.0,0.0,0.16666666666666666
0.33333333333333337,0.3191733639494834,0.4,0.0,0.4117647058823529,0.7170731707317073,0.14549878345498782,0.5,0.0,0.0,0.0,1.0,0.0,0.0,0.0,0.0,0.0,0.0,0.0,0.0,0.0,0.0,1.0,0.0,0.0,0.0,0.0,0.0,0.0,0.0,0.0,1.0,0.0,0.3333333333333333
0.33333333333333337,0.2881745120551091,0.2,0.0,0.29411764705882354,0.3853658536585366,0.1192214111922141,0.75,1.0,0.0,0.0,0.0,0.0,0.0,0.0,0.0,0.0,0.0,0.0,0.0,0.0,0.0,1.0,0.0,0.0,0.0,0.0,0.0,0.0,0.0,0.0,1.0,0.0,0.3333333333333333
0.33333333333333337,0.3754305396096441,0.2,0.0,0.35294117647058826,0.6487804878048781,0.03454987834549878,0.5,1.0,0.0,0.0,0.0,0.0,0.0,0.0,0.0,0.0,0.0,0.0,0.0,0.0,0.0,1.0,0.0,0.0,0.0,0.0,0.0,0.0,0.0,0.0,1.0,0.0,0.5
0.8333333333333334,0.38381171067738235,1.0,0.0,0.5294117647058824,0.5707317073170731,1.0,0.75,1.0,0.0,0.0,0.0,0.0,0.0,0.0,0.0,0.0,0.0,0.0,0.0,0.0,0.0,1.0,0.0,0.0,0.0,0.0,0.0,0.0,0.0,0.0,1.0,0.0,0.5
0.5,0.4029850746268657,0.6,0.6666666666666666,0.17647058823529413,0.5804878048780487,0.17600973236009734,0.0,0.0,0.0,1.0,0.0,0.0,0.0,0.0,0.0,0.0,0.0,0.0,0.0,0.0,0.0,1.0,0.0,0.0,0.0,0.0,0.0,0.0,0.0,1.0,0.0,0.0,0.5
0.5,0.7313432835820896,0.4,0.6666666666666666,0.0,0.5804878048780487,0.14841849148418493,0.0,0.0,0.0,1.0,0.0,0.0,0.0,0.0,0.0,0.0,0.0,0.0,0.0,0.0,0.0,1.0,0.0,0.0,0.0,0.0,0.0,0.0,0.0,1.0,0.0,0.0,0.5
0.5,0.5502870264064295,1.0,0.6666666666666666,0.17647058823529413,0.5804878048780487,0.048369829683698295,0.0,0.0,0.0,1.0,0.0,0.0,0.0,0.0,0.0,0.0,0.0,0.0,0.0,0.0,0.0,1.0,0.0,0.0,0.0,0.0,0.0,0.0,0.0,1.0,0.0,0.0,0.5
0.5,0.5502870264064295,1.0,0.6666666666666666,0.17647058823529413,0.5804878048780487,0.04452554744525548,0.0,0.0,0.0,1.0,0.0,0.0,0.0,0.0,0.0,0.0,0.0,0.0,0.0,0.0,0.0,1.0,0.0,0.0,0.0,0.0,0.0,0.0,0.0,1.0,0.0,0.0,0.5
0.5,0.5502870264064295,1.0,0.6666666666666666,0.4117647058823529,0.5804878048780487,0.06170316301703163,0.0,0.0,0.0,1.0,0.0,0.0,0.0,0.0,0.0,0.0,0.0,0.0,0.0,0.0,0.0,1.0,0.0,0.0,0.0,0.0,0.0,0.0,0.0,1.0,0.0,0.0,0.5
0.33333333333333337,0.04707233065442021,0.6,0.0,0.47058823529411764,0.8585365853658536,0.24574209245742093,0.5,1.0,0.0,0.0,0.0,0.0,0.0,0.0,0.0,0.0,0.0,0.0,0.0,0.0,0.0,1.0,0.0,0.0,0.0,0.0,0.0,0.0,1.0,0.0,0.0,0.0,0.16666666666666666
0.5,0.3053960964408726,0.2,0.0,0.17647058823529413,0.8146341463414634,0.0705596107055961,0.5,1.0,0.0,0.0,0.0,0.0,0.0,0.0,0.0,0.0,0.0,0.0,0.0,0.0,0.0,1.0,0.0,0.0,0.0,0.0,0.0,0.0,0.0,0.0,1.0,0.0,0.16666666666666666
0.33333333333333337,0.04707233065442021,0.1,0.0,0.11764705882352941,0.6780487804878049,0.023357664233576644,0.75,0.0,0.0,0.0,1.0,0.0,0.0,0.0,0.0,0.0,0.0,0.0,0.0,0.0,0.0,1.0,0.0,0.0,0.0,0.0,0.0,0.0,1.0,0.0,0.0,0.0,0.3333333333333333
0.33333333333333337,0.2881745120551091,0.0,0.0,0.11764705882352941,0.6780487804878049,0.1192214111922141,0.75,0.0,0.0,0.0,1.0,0.0,0.0,0.0,0.0,0.0,0.0,0.0,0.0,0.0,0.0,1.0,0.0,0.0,0.0,0.0,0.0,0.0,1.0,0.0,0.0,0.0,0.3333333333333333
0.33333333333333337,0.08840413318025259,0.1,0.0,0.35294117647058826,0.7024390243902439,0.03454987834549878,0.75,0.0,0.0,0.0,0.0,1.0,0.0,0.0,0.0,0.0,0.0,0.0,0.0,0.0,0.0,1.0,0.0,0.0,0.0,0.0,0.0,0.0,1.0,0.0,0.0,0.0,0.16666666666666666
0.33333333333333337,0.2699196326061998,0.2,0.0,0.29411764705882354,0.775609756097561,0.033576642335766425,0.0,0.0,0.0,1.0,0.0,0.0,0.0,0.0,0.0,0.0,0.0,0.0,0.0,0.0,0.0,1.0,0.0,0.0,0.0,0.0,0.0,0.0,1.0,0.0,0.0,0.0,0.16666666666666666
0.33333333333333337,0.17738231917336397,0.2,0.0,0.29411764705882354,0.775609756097561,0.01878345498783455,0.0,0.0,0.0,1.0,0.0,0.0,0.0,0.0,0.0,0.0,0.0,0.0,0.0,0.0,0.0,1.0,0.0,0.0,0.0,0.0,0.0,0.0,1.0,0.0,0.0,0.0,0.16666666666666666
0.33333333333333337,0.11595866819747418,0.0,0.0,0.11764705882352941,0.7024390243902439,0.0267639902676399,0.5,0.0,0.0,0.0,1.0,0.0,0.0,0.0,0.0,0.0,0.0,0.0,0.0,0.0,0.0,1.0,0.0,0.0,0.0,0.0,0.0,0.0,1.0,0.0,0.0,0.0,0.16666666666666666
0.33333333333333337,0.1148105625717566,0.0,0.0,0.35294117647058826,0.6536585365853659,0.031143552311435525,0.5,0.0,0.0,0.0,1.0,0.0,0.0,0.0,0.0,0.0,0.0,0.0,0.0,0.0,0.0,1.0,0.0,0.0,0.0,0.0,0.0,0.0,1.0,0.0,0.0,0.0,0.16666666666666666
0.33333333333333337,0.156142365097589,0.1,0.0,0.058823529411764705,0.5804878048780487,0.024330900243309004,0.5,0.0,0.0,0.0,0.0,0.0,0.0,0.0,1.0,0.0,0.0,0.0,0.0,0.0,0.0,1.0,0.0,0.0,0.0,0.0,0.0,0.0,1.0,0.0,0.0,0.0,0.3333333333333333
0.33333333333333337,0.20206659012629166,0.0,0.0,0.4117647058823529,0.6,0.0413625304136253,0.75,1.0,0.0,0.0,0.0,0.0,0.0,0.0,0.0,0.0,0.0,0.0,0.0,0.0,0.0,1.0,0.0,0.0,0.0,0.0,0.0,0.0,0.0,0.0,1.0,0.0,0.6666666666666666
0.5,0.296211251435132,0.2,0.0,0.23529411764705882,0.6048780487804878,0.052554744525547446,0.75,1.0,0.0,0.0,0.0,0.0,0.0,0.0,0.0,0.0,0.0,0.0,0.0,0.0,0.0,1.0,0.0,0.0,0.0,0.0,0.0,0.0,1.0,0.0,0.0,0.0,0.16666666666666666
0.33333333333333337,0.13088404133180254,0.2,0.0,0.29411764705882354,0.6536585365853659,0.07445255474452556,0.5,0.0,0.0,0.0,0.0,0.0,0.0,0.0,1.0,0.0,0.0,0.0,0.0,0.0,0.0,1.0,0.0,0.0,0.0,0.0,0.0,0.0,1.0,0.0,0.0,0.0,0.16666666666666666
0.5,0.22204362801377725,0.0,0.0,0.11764705882352941,0.8,0.024136253041362535,0.5,0.0,0.0,0.0,1.0,0.0,0.0,0.0,0.0,0.0,0.0,0.0,0.0,0.0,0.0,1.0,0.0,0.0,0.0,0.0,0.0,0.0,0.0,0.0,1.0,0.0,0.16666666666666666
0.5,0.16360505166475314,0.2,0.6666666666666666,0.5294117647058824,0.775609756097561,0.011824817518248173,0.0,0.0,0.0,1.0,0.0,0.0,0.0,0.0,0.0,0.0,0.0,0.0,0.0,0.0,0.0,1.0,0.0,0.0,0.0,0.0,0.0,0.0,1.0,0.0,0.0,0.0,0.6666666666666666
0.6666666666666667,0.347187141216992,0.6,0.0,0.058823529411764705,0.6097560975609756,0.058248175182481744,0.75,1.0,0.0,0.0,0.0,0.0,0.0,0.0,0.0,0.0,0.0,0.0,0.0,0.0,0.0,1.0,0.0,0.0,0.0,0.0,0.0,0.0,0.0,1.0,0.0,0.0,0.16666666666666666
0.33333333333333337,0.14925373134328357,0.0,0.0,0.11764705882352941,0.5756097560975609,0.01659367396593674,0.5,0.0,0.0,0.0,0.0,0.0,0.0,0.0,1.0,0.0,0.0,0.0,0.0,0.0,0.0,1.0,0.0,0.0,0.0,0.0,0.0,0.0,0.0,0.0,1.0,0.0,0.5
0.5,0.28346727898966706,0.2,0.0,0.23529411764705882,0.375609756097561,0.04588807785888078,0.5,0.0,0.0,0.0,0.0,1.0,0.0,0.0,0.0,0.0,0.0,0.0,0.0,0.0,0.0,1.0,0.0,0.0,0.0,0.0,0.0,0.0,0.0,1.0,0.0,0.0,0.3333333333333333
0.33333333333333337,0.25028702640642936,0.2,0.0,0.11764705882352941,0.43414634146341463,0.04019464720194647,0.75,0.0,0.0,0.0,1.0,0.0,0.0,0.0,0.0,0.0,0.0,0.0,0.0,0.0,0.0,1.0,0.0,0.0,0.0,0.0,0.0,0.0,0.0,0.0,1.0,0.0,0.3333333333333333
0.33333333333333337,0.18530424799081519,0.2,0.3333333333333333,0.23529411764705882,0.5804878048780487,0.0351338199513382,0.0,1.0,0.0,0.0,0.0,0.0,0.0,0.0,0.0,0.0,0.0,0.0,0.0,0.0,0.0,1.0,0.0,0.0,0.0,0.0,0.0,0.0,1.0,0.0,0.0,0.0,0.3333333333333333
0.5,0.2973593570608496,0.2,0.6666666666666666,0.6470588235294118,0.775609756097561,0.014598540145985401,0.0,0.0,0.0,1.0,0.0,0.0,0.0,0.0,0.0,0.0,0.0,0.0,0.0,0.0,0.0,1.0,0.0,0.0,0.0,0.0,0.0,0.0,0.0,0.0,1.0,0.0,0.16666666666666666
0.33333333333333337,0.23857634902411023,0.1,0.0,0.4117647058823529,0.5756097560975609,0.049148418491484186,0.5,0.0,0.0,0.0,0.0,1.0,0.0,0.0,0.0,0.0,0.0,0.0,0.0,0.0,0.0,1.0,0.0,0.0,0.0,0.0,0.0,0.0,1.0,0.0,0.0,0.0,0.16666666666666666
0.33333333333333337,0.2792192881745121,0.2,0.0,0.35294117647058826,0.5707317073170731,0.01625304136253041,0.5,0.0,0.0,0.0,1.0,0.0,0.0,0.0,0.0,0.0,0.0,0.0,0.0,0.0,0.0,1.0,0.0,0.0,0.0,0.0,0.0,0.0,0.0,0.0,1.0,0.0,0.16666666666666666
0.33333333333333337,0.29919632606199775,0.0,0.0,0.29411764705882354,0.5073170731707317,0.007737226277372262,0.75,0.0,0.0,0.0,1.0,0.0,0.0,0.0,0.0,0.0,0.0,0.0,0.0,0.0,0.0,1.0,0.0,0.0,0.0,0.0,0.0,0.0,0.0,0.0,1.0,0.0,0.16666666666666666
0.33333333333333337,0.2874856486796785,0.0,0.0,0.17647058823529413,0.5073170731707317,0.012457420924574211,0.5,1.0,0.0,0.0,0.0,0.0,0.0,0.0,0.0,0.0,0.0,0.0,0.0,0.0,0.0,1.0,0.0,0.0,0.0,0.0,0.0,0.0,0.0,0.0,1.0,0.0,0.3333333333333333
0.33333333333333337,0.16991963260619977,0.0,0.0,0.35294117647058826,0.5756097560975609,0.01445255474452555,0.75,0.0,0.0,0.0,1.0,0.0,0.0,0.0,0.0,0.0,0.0,0.0,0.0,0.0,0.0,1.0,0.0,0.0,0.0,0.0,0.0,0.0,0.0,1.0,0.0,0.0,0.3333333333333333
0.33333333333333337,0.19288174512055106,0.0,0.0,0.29411764705882354,0.5804878048780487,0.0267639902676399,0.5,1.0,0.0,0.0,0.0,0.0,0.0,0.0,0.0,0.0,0.0,0.0,0.0,0.0,0.0,1.0,0.0,0.0,0.0,0.0,0.0,0.0,0.0,1.0,0.0,0.0,0.3333333333333333
0.33333333333333337,0.23421354764638347,0.0,0.0,0.5294117647058824,0.5804878048780487,0.02330900243309002,0.75,0.0,0.0,0.0,1.0,0.0,0.0,0.0,0.0,0.0,0.0,0.0,0.0,0.0,0.0,1.0,0.0,0.0,0.0,0.0,0.0,0.0,0.0,1.0,0.0,0.0,0.3333333333333333
0.6666666666666667,0.39908151549942594,0.4,0.6666666666666666,0.23529411764705882,0.6585365853658537,0.19396593673965937,0.0,0.0,0.0,1.0,0.0,0.0,0.0,0.0,0.0,0.0,0.0,0.0,0.0,0.0,0.0,1.0,0.0,0.0,0.0,0.0,0.0,0.0,1.0,0.0,0.0,0.0,0.5
0.33333333333333337,0.1584385763490241,0.2,0.0,0.4117647058823529,0.5756097560975609,0.020632603406326035,0.5,0.0,0.0,0.0,1.0,0.0,0.0,0.0,0.0,0.0,0.0,0.0,0.0,0.0,0.0,1.0,0.0,0.0,0.0,0.0,0.0,0.0,1.0,0.0,0.0,0.0,0.16666666666666666
0.33333333333333337,0.32801377726750863,0.0,0.0,0.17647058823529413,0.4682926829268293,0.02145985401459854,0.75,0.0,0.0,0.0,1.0,0.0,0.0,0.0,0.0,0.0,0.0,0.0,0.0,0.0,0.0,1.0,0.0,0.0,0.0,0.0,0.0,0.0,0.0,0.0,1.0,0.0,0.16666666666666666
0.5,0.15235361653272103,0.2,0.0,0.4117647058823529,0.43414634146341463,0.013284671532846718,0.5,0.0,0.0,0.0,1.0,0.0,0.0,0.0,0.0,0.0,0.0,0.0,0.0,0.0,0.0,1.0,0.0,0.0,0.0,0.0,0.0,0.0,0.0,0.0,1.0,0.0,0.3333333333333333
0.33333333333333337,0.45132032146957524,0.0,0.0,0.35294117647058826,0.3853658536585366,0.015231143552311439,0.75,0.0,0.0,0.0,1.0,0.0,0.0,0.0,0.0,0.0,0.0,0.0,0.0,0.0,0.0,1.0,0.0,0.0,0.0,0.0,0.0,0.0,0.0,0.0,1.0,0.0,0.16666666666666666
0.33333333333333337,0.19517795637198623,0.0,0.0,0.4117647058823529,0.3853658536585366,0.03941605839416058,0.75,0.0,0.0,0.0,1.0,0.0,0.0,0.0,0.0,0.0,0.0,0.0,0.0,0.0,0.0,1.0,0.0,0.0,0.0,0.0,0.0,0.0,0.0,0.0,1.0,0.0,0.16666666666666666
0.33333333333333337,0.19517795637198623,0.0,0.0,0.4117647058823529,0.3853658536585366,0.03941605839416058,0.75,0.0,0.0,0.0,1.0,0.0,0.0,0.0,0.0,0.0,0.0,0.0,0.0,0.0,0.0,1.0,0.0,0.0,0.0,0.0,0.0,0.0,0.0,0.0,1.0,0.0,0.16666666666666666
0.5,0.255683122847302,0.2,0.0,0.4117647058823529,0.5756097560975609,0.019659367396593668,0.75,0.0,0.0,0.0,1.0,0.0,0.0,0.0,0.0,0.0,0.0,0.0,0.0,0.0,0.0,1.0,0.0,0.0,0.0,0.0,0.0,0.0,0.0,1.0,0.0,0.0,0.16666666666666666
0.33333333333333337,0.24225028702640647,0.2,0.0,0.4117647058823529,0.5756097560975609,0.01659367396593674,0.75,0.0,0.0,0.0,1.0,0.0,0.0,0.0,0.0,0.0,0.0,0.0,0.0,0.0,0.0,1.0,0.0,0.0,0.0,0.0,0.0,0.0,0.0,0.0,1.0,0.0,0.16666666666666666
0.33333333333333337,0.15384615384615385,0.2,0.0,0.47058823529411764,0.6780487804878049,0.015085158150851579,0.75,0.0,0.0,0.0,0.0,0.0,0.0,0.0,1.0,0.0,0.0,0.0,0.0,0.0,0.0,1.0,0.0,0.0,0.0,0.0,0.0,0.0,1.0,0.0,0.0,0.0,0.16666666666666666
0.33333333333333337,0.05327210103329505,0.0,0.0,0.47058823529411764,0.7268292682926829,0.03454987834549878,0.75,0.0,0.0,0.0,0.0,0.0,0.0,0.0,1.0,0.0,0.0,0.0,0.0,0.0,0.0,1.0,0.0,0.0,0.0,0.0,0.0,0.0,1.0,0.0,0.0,0.0,0.16666666666666666
0.33333333333333337,0.08725602755453502,0.0,0.0,0.47058823529411764,0.5756097560975609,0.0734793187347932,0.75,0.0,0.0,0.0,0.0,0.0,0.0,0.0,1.0,0.0,0.0,0.0,0.0,0.0,0.0,1.0,0.0,0.0,0.0,0.0,0.0,0.0,1.0,0.0,0.0,0.0,0.16666666666666666
0.33333333333333337,0.29161882893226176,0.2,0.0,0.23529411764705882,0.37073170731707317,0.04720194647201946,0.5,1.0,0.0,0.0,0.0,0.0,0.0,0.0,0.0,0.0,0.0,0.0,0.0,0.0,0.0,1.0,0.0,0.0,0.0,0.0,0.0,0.0,1.0,0.0,0.0,0.0,0.16666666666666666
0.33333333333333337,0.1549942594718714,0.2,0.0,0.4117647058823529,0.37073170731707317,0.01600973236009732,0.75,0.0,0.0,0.0,0.0,0.0,0.0,0.0,1.0,0.0,0.0,0.0,0.0,0.0,0.0,1.0,0.0,0.0,0.0,0.0,0.0,0.0,1.0,0.0,0.0,0.0,0.16666666666666666
0.5,0.12192881745120551,0.2,0.0,0.35294117647058826,0.33658536585365856,0.04939172749391728,0.75,1.0,0.0,0.0,0.0,0.0,0.0,0.0,0.0,0.0,0.0,0.0,0.0,0.0,0.0,1.0,0.0,0.0,0.0,0.0,0.0,0.0,1.0,0.0,0.0,0.0,0.3333333333333333
0.33333333333333337,0.15384615384615385,0.0,0.0,0.4117647058823529,0.7073170731707317,0.016058394160583946,0.5,1.0,0.0,0.0,0.0,0.0,0.0,0.0,0.0,0.0,0.0,0.0,0.0,0.0,0.0,1.0,0.0,0.0,0.0,0.0,0.0,0.0,1.0,0.0,0.0,0.0,0.16666666666666666
0.33333333333333337,0.1549942594718714,0.0,0.0,0.17647058823529413,0.775609756097561,0.02530413625304136,0.5,0.0,0.0,0.0,1.0,0.0,0.0,0.0,0.0,0.0,0.0,0.0,0.0,0.0,0.0,1.0,0.0,0.0,0.0,0.0,0.0,0.0,1.0,0.0,0.0,0.0,0.16666666666666666
0.33333333333333337,0.17451205510907006,0.2,0.0,0.35294117647058826,0.6292682926829268,0.031143552311435525,0.5,0.0,0.0,0.0,1.0,0.0,0.0,0.0,0.0,0.0,0.0,0.0,0.0,0.0,0.0,1.0,0.0,0.0,0.0,0.0,0.0,0.0,1.0,0.0,0.0,0.0,0.16666666666666666
0.33333333333333337,0.15269804822043628,0.2,0.0,0.35294117647058826,0.7073170731707317,0.040875912408759124,0.5,0.0,0.0,0.0,1.0,0.0,0.0,0.0,0.0,0.0,0.0,0.0,0.0,0.0,0.0,1.0,0.0,0.0,0.0,0.0,0.0,0.0,1.0,0.0,0.0,0.0,0.16666666666666666
0.33333333333333337,0.17795637198622272,0.2,0.0,0.4117647058823529,0.6634146341463415,0.02043795620437956,0.5,0.0,0.0,0.0,1.0,0.0,0.0,0.0,0.0,0.0,0.0,0.0,0.0,0.0,0.0,1.0,0.0,0.0,0.0,0.0,0.0,0.0,1.0,0.0,0.0,0.0,0.16666666666666666
0.33333333333333337,0.2078071182548795,0.2,0.0,0.058823529411764705,0.551219512195122,0.03309002433090025,0.5,0.0,0.0,0.0,1.0,0.0,0.0,0.0,0.0,0.0,0.0,0.0,0.0,0.0,0.0,1.0,0.0,0.0,0.0,0.0,0.0,0.0,1.0,0.0,0.0,0.0,0.5
0.33333333333333337,0.12399540757749712,0.1,0.0,0.0,0.6780487804878049,0.01717761557177615,0.5,0.0,0.0,0.0,1.0,0.0,0.0,0.0,0.0,0.0,0.0,0.0,0.0,0.0,0.0,1.0,0.0,0.0,0.0,0.0,0.0,0.0,1.0,0.0,0.0,0.0,0.16666666666666666
0.33333333333333337,0.16417910447761194,0.1,0.0,0.0,0.6780487804878049,0.023357664233576644,0.5,0.0,0.0,0.0,0.0,0.0,0.0,0.0,1.0,0.0,0.0,0.0,0.0,0.0,0.0,1.0,0.0,0.0,0.0,0.0,0.0,0.0,1.0,0.0,0.0,0.0,0.3333333333333333
0.6666666666666667,0.21458094144661308,0.3,0.0,0.4117647058823529,0.8195121951219512,0.030851581508515816,0.5,1.0,0.0,0.0,0.0,0.0,0.0,0.0,0.0,0.0,0.0,0.0,0.0,0.0,0.0,1.0,0.0,0.0,0.0,0.0,0.0,0.0,0.0,0.0,1.0,0.0,0.5
0.33333333333333337,0.18725602755453505,0.0,0.6666666666666666,0.4117647058823529,0.775609756097561,0.03897810218978102,0.0,1.0,0.0,0.0,0.0,0.0,0.0,0.0,0.0,0.0,0.0,0.0,0.0,0.0,0.0,1.0,0.0,0.0,0.0,0.0,0.0,0.0,1.0,0.0,0.0,0.0,0.5
0.5,0.0965556831228473,0.2,0.0,0.35294117647058826,0.6292682926829268,0.0332360097323601,0.5,0.0,0.0,0.0,1.0,0.0,0.0,0.0,0.0,0.0,0.0,0.0,0.0,0.0,0.0,1.0,0.0,0.0,0.0,0.0,0.0,0.0,0.0,0.0,1.0,0.0,0.3333333333333333
0.33333333333333337,0.23788748564867968,0.2,0.0,0.35294117647058826,0.5317073170731708,0.02968369829683698,0.75,1.0,0.0,0.0,0.0,0.0,0.0,0.0,0.0,0.0,0.0,0.0,0.0,0.0,0.0,1.0,0.0,0.0,0.0,0.0,0.0,0.0,0.0,0.0,1.0,0.0,0.3333333333333333
0.5,0.41882893226176815,0.2,0.0,0.35294117647058826,0.5707317073170731,0.046958637469586374,0.5,0.0,0.0,0.0,0.0,0.0,0.0,0.0,1.0,0.0,0.0,0.0,0.0,0.0,0.0,1.0,0.0,0.0,0.0,0.0,0.0,0.0,0.0,0.0,1.0,0.0,0.16666666666666666
0.33333333333333337,0.13088404133180254,0.2,0.0,0.29411764705882354,0.5756097560975609,0.030170316301703158,0.5,0.0,0.0,0.0,0.0,0.0,0.0,0.0,1.0,0.0,0.0,0.0,0.0,0.0,0.0,1.0,0.0,0.0,0.0,0.0,0.0,0.0,1.0,0.0,0.0,0.0,0.16666666666666666
0.33333333333333337,0.15040183696900114,0.2,0.0,0.17647058823529413,0.6780487804878049,0.026277372262773723,0.5,0.0,0.0,0.0,0.0,0.0,0.0,0.0,1.0,0.0,0.0,0.0,0.0,0.0,0.0,1.0,0.0,0.0,0.0,0.0,0.0,0.0,1.0,0.0,0.0,0.0,0.16666666666666666
0.6666666666666667,0.3251435132032147,0.2,0.0,0.29411764705882354,0.6,0.08987834549878344,0.5,0.0,0.0,0.0,0.0,1.0,0.0,0.0,0.0,0.0,0.0,0.0,0.0,0.0,0.0,1.0,0.0,0.0,0.0,0.0,0.0,0.0,0.0,0.0,1.0,0.0,0.16666666666666666
0.5,0.3330654420206659,0.0,0.0,0.5294117647058824,0.5756097560975609,0.031046228710462292,0.5,0.0,0.0,0.0,0.0,1.0,0.0,0.0,0.0,0.0,0.0,0.0,0.0,0.0,0.0,1.0,0.0,0.0,0.0,0.0,0.0,0.0,0.0,0.0,1.0,0.0,0.16666666666666666
0.33333333333333337,0.1630309988518944,0.2,0.0,0.4117647058823529,0.5804878048780487,0.026131386861313863,0.5,0.0,0.0,0.0,0.0,0.0,0.0,0.0,1.0,0.0,0.0,0.0,0.0,0.0,0.0,1.0,0.0,0.0,0.0,0.0,0.0,0.0,1.0,0.0,0.0,0.0,0.16666666666666666
0.33333333333333337,0.2227324913892078,0.3,0.0,0.29411764705882354,0.5804878048780487,0.030656934306569347,0.5,0.0,0.0,0.0,0.0,0.0,0.0,0.0,1.0,0.0,0.0,0.0,0.0,0.0,0.0,1.0,0.0,0.0,0.0,0.0,0.0,0.0,0.0,0.0,1.0,0.0,0.16666666666666666
0.6666666666666667,0.2721010332950632,0.3,0.0,0.47058823529411764,0.5414634146341464,0.0413625304136253,0.5,0.0,0.0,0.0,0.0,0.0,0.0,0.0,1.0,0.0,0.0,0.0,0.0,0.0,0.0,1.0,0.0,0.0,0.0,0.0,0.0,0.0,0.0,0.0,1.0,0.0,0.16666666666666666
0.33333333333333337,0.1802525832376579,0.0,0.0,0.29411764705882354,0.43414634146341463,0.044282238442822384,0.5,0.0,0.0,0.0,1.0,0.0,0.0,0.0,0.0,0.0,0.0,0.0,0.0,0.0,0.0,1.0,0.0,0.0,0.0,0.0,0.0,0.0,1.0,0.0,0.0,0.0,0.16666666666666666
0.33333333333333337,0.2215843857634902,0.4,0.3333333333333333,0.5294117647058824,0.7268292682926829,0.04330900243309003,0.5,1.0,0.0,0.0,0.0,0.0,0.0,0.0,0.0,0.0,0.0,0.0,0.0,0.0,0.0,1.0,0.0,0.0,0.0,0.0,0.0,0.0,1.0,0.0,0.0,0.0,0.16666666666666666
0.33333333333333337,0.23536165327210104,0.2,0.0,0.29411764705882354,0.6780487804878049,0.028223844282238446,0.75,1.0,0.0,0.0,0.0,0.0,0.0,0.0,0.0,0.0,0.0,0.0,0.0,0.0,0.0,1.0,0.0,0.0,0.0,0.0,0.0,0.0,0.0,0.0,1.0,0.0,0.16666666666666666
0.33333333333333337,0.22502870264064298,0.3,0.0,0.35294117647058826,0.6390243902439025,0.035523114355231145,0.75,0.0,0.0,0.0,1.0,0.0,0.0,0.0,0.0,0.0,0.0,0.0,0.0,0.0,0.0,1.0,0.0,0.0,0.0,0.0,0.0,0.0,0.0,0.0,1.0,0.0,0.16666666666666666
0.33333333333333337,0.18484500574052815,0.2,0.0,0.4117647058823529,0.5804878048780487,0.03260340632603406,0.5,1.0,0.0,0.0,0.0,0.0,0.0,0.0,0.0,0.0,0.0,0.0,0.0,0.0,0.0,1.0,0.0,0.0,0.0,0.0,0.0,0.0,0.0,0.0,1.0,0.0,0.16666666666666666
0.33333333333333337,0.16073478760045923,0.3,0.0,0.5882352941176471,0.6780487804878049,0.031630170316301706,0.5,1.0,0.0,0.0,0.0,0.0,0.0,0.0,0.0,0.0,0.0,0.0,0.0,0.0,0.0,1.0,0.0,0.0,0.0,0.0,0.0,0.0,0.0,0.0,1.0,0.0,0.16666666666666666
0.33333333333333337,0.14006888633754308,0.0,0.0,0.29411764705882354,0.6780487804878049,0.015717761557177617,0.5,0.0,0.0,0.0,1.0,0.0,0.0,0.0,0.0,0.0,0.0,0.0,0.0,0.0,0.0,1.0,0.0,0.0,0.0,0.0,0.0,0.0,1.0,0.0,0.0,0.0,0.16666666666666666
0.5,0.12307692307692307,0.2,0.0,0.5882352941176471,0.6292682926829268,0.1267639902676399,0.4166666666666667,0.0,0.0,0.0,0.0,1.0,0.0,0.0,0.0,0.0,0.0,0.0,0.0,0.0,0.0,1.0,0.0,0.0,0.0,0.0,0.0,0.0,0.0,0.0,1.0,0.0,0.6666666666666666
0.33333333333333337,0.16750861079219287,0.2,0.0,0.17647058823529413,0.6682926829268293,0.029197080291970802,0.75,0.0,0.0,0.0,0.0,1.0,0.0,0.0,0.0,0.0,0.0,0.0,0.0,0.0,0.0,1.0,0.0,0.0,0.0,0.0,0.0,0.0,0.0,0.0,1.0,0.0,0.16666666666666666
0.33333333333333337,0.10677382319173363,0.1,0.0,0.4117647058823529,0.7219512195121951,0.02102189781021898,0.75,0.0,0.0,0.0,0.0,0.0,0.0,0.0,1.0,0.0,0.0,0.0,0.0,0.0,0.0,1.0,0.0,0.0,0.0,0.0,0.0,0.0,0.0,0.0,1.0,0.0,0.16666666666666666
0.33333333333333337,0.2537313432835821,0.3,0.0,0.35294117647058826,0.5951219512195122,0.06958637469586375,0.5,0.0,0.0,0.0,0.0,0.0,0.0,0.0,1.0,0.0,0.0,0.0,0.0,0.0,0.0,1.0,0.0,0.0,0.0,0.0,0.0,0.0,0.0,0.0,1.0,0.0,0.16666666666666666
0.33333333333333337,0.15154994259471874,0.0,0.0,0.35294117647058826,0.5756097560975609,0.033576642335766425,0.75,0.0,0.0,0.0,0.0,0.0,0.0,0.0,1.0,0.0,0.0,0.0,0.0,0.0,0.0,1.0,0.0,0.0,0.0,0.0,0.0,0.0,1.0,0.0,0.0,0.0,0.16666666666666666
0.33333333333333337,0.10218140068886339,0.2,0.0,0.47058823529411764,0.5707317073170731,0.04184914841849148,0.75,0.0,0.0,0.0,0.0,0.0,0.0,0.0,1.0,0.0,0.0,0.0,0.0,0.0,0.0,1.0,0.0,0.0,0.0,0.0,0.0,0.0,1.0,0.0,0.0,0.0,0.16666666666666666
0.5,0.40975889781859937,0.4,0.0,0.29411764705882354,0.5951219512195122,0.24267639902676397,0.5,1.0,0.0,0.0,0.0,0.0,0.0,0.0,0.0,0.0,0.0,0.0,0.0,0.0,0.0,1.0,0.0,0.0,0.0,0.0,0.0,0.0,0.0,0.0,1.0,0.0,0.5
0.33333333333333337,0.2307692307692308,0.0,0.19999999999999998,0.6470588235294118,0.7268292682926829,0.035523114355231145,0.0,0.0,0.0,1.0,0.0,0.0,0.0,0.0,0.0,0.0,0.0,0.0,0.0,0.0,0.0,1.0,0.0,0.0,0.0,0.0,0.0,0.0,0.0,0.0,1.0,0.0,0.16666666666666666
0.33333333333333337,0.08381171067738231,0.2,0.0,0.5294117647058824,0.751219512195122,0.040389294403892946,0.75,0.0,1.0,0.0,0.0,0.0,0.0,0.0,0.0,0.0,0.0,0.0,0.0,0.0,0.0,1.0,0.0,0.0,0.0,0.0,0.0,0.0,1.0,0.0,0.0,0.0,0.16666666666666666
0.33333333333333337,0.21354764638346732,0.2,0.0,0.29411764705882354,0.751219512195122,0.029197080291970802,0.75,0.0,0.0,0.0,1.0,0.0,0.0,0.0,0.0,0.0,0.0,0.0,0.0,0.0,0.0,1.0,0.0,0.0,0.0,0.0,0.0,0.0,0.0,0.0,1.0,0.0,0.3333333333333333
0.33333333333333337,0.07577497129735936,0.0,0.0,0.35294117647058826,0.751219512195122,0.01995133819951338,0.5,0.0,0.0,0.0,1.0,0.0,0.0,0.0,0.0,0.0,0.0,0.0,0.0,0.0,0.0,1.0,0.0,0.0,0.0,0.0,0.0,0.0,0.0,0.0,1.0,0.0,0.3333333333333333
0.33333333333333337,0.06888633754305397,0.0,0.0,0.23529411764705882,0.751219512195122,0.02725060827250608,0.5,0.0,0.0,0.0,1.0,0.0,0.0,0.0,0.0,0.0,0.0,0.0,0.0,0.0,0.0,1.0,0.0,0.0,0.0,0.0,0.0,0.0,1.0,0.0,0.0,0.0,0.3333333333333333
0.33333333333333337,0.0677382319173364,0.2,0.0,0.47058823529411764,0.751219512195122,0.02530413625304136,0.75,0.0,0.0,0.0,1.0,0.0,0.0,0.0,0.0,0.0,0.0,0.0,0.0,0.0,0.0,1.0,0.0,0.0,0.0,0.0,0.0,0.0,1.0,0.0,0.0,0.0,0.3333333333333333
0.33333333333333337,0.19058553386911598,0.4,0.0,0.23529411764705882,0.6780487804878049,0.029197080291970802,0.5,0.0,0.0,0.0,1.0,0.0,0.0,0.0,0.0,0.0,0.0,0.0,0.0,0.0,0.0,1.0,0.0,0.0,0.0,0.0,0.0,0.0,0.0,0.0,1.0,0.0,0.16666666666666666
0.33333333333333337,0.11825487944890929,0.0,0.0,0.4117647058823529,0.6292682926829268,0.03600973236009732,0.25,0.0,0.0,0.0,1.0,0.0,0.0,0.0,0.0,0.0,0.0,0.0,0.0,0.0,0.0,1.0,0.0,0.0,0.0,0.0,0.0,0.0,1.0,0.0,0.0,0.0,0.6666666666666666
0.33333333333333337,0.3203214695752009,0.1,0.0,0.29411764705882354,0.5804878048780487,0.032262773722627744,0.75,0.0,0.0,0.0,0.0,1.0,0.0,0.0,0.0,0.0,0.0,0.0,0.0,0.0,0.0,1.0,0.0,0.0,0.0,0.0,0.0,0.0,0.0,0.0,1.0,0.0,0.6666666666666666
0.33333333333333337,0.11595866819747418,0.3,0.0,0.5294117647058824,0.624390243902439,0.04720194647201946,0.5,0.0,0.0,0.0,0.0,0.0,0.0,0.0,1.0,0.0,0.0,0.0,0.0,0.0,0.0,1.0,0.0,0.0,0.0,0.0,0.0,0.0,1.0,0.0,0.0,0.0,0.5
0.33333333333333337,0.16877152698048223,0.2,0.0,0.4117647058823529,0.5756097560975609,0.028710462287104624,0.75,0.0,0.0,0.0,0.0,0.0,0.0,0.0,1.0,0.0,0.0,0.0,0.0,0.0,0.0,1.0,0.0,0.0,0.0,0.0,0.0,0.0,1.0,0.0,0.0,0.0,0.6666666666666666
0.33333333333333337,0.16417910447761194,0.3,0.0,0.4117647058823529,0.5317073170731708,0.04282238442822385,0.75,0.0,0.0,0.0,0.0,1.0,0.0,0.0,0.0,0.0,0.0,0.0,0.0,0.0,0.0,1.0,0.0,0.0,0.0,0.0,0.0,0.0,1.0,0.0,0.0,0.0,0.5
0.33333333333333337,0.15958668197474168,0.2,0.0,0.4117647058823529,0.6292682926829268,0.0340632603406326,0.5,0.0,0.0,0.0,0.0,0.0,0.0,0.0,1.0,0.0,0.0,0.0,0.0,0.0,0.0,1.0,0.0,0.0,0.0,0.0,0.0,0.0,0.0,0.0,1.0,0.0,0.3333333333333333
0.5,0.32606199770378874,0.4,0.3333333333333333,0.35294117647058826,0.526829268292683,0.05596107055961071,0.75,1.0,0.0,0.0,0.0,0.0,0.0,0.0,0.0,0.0,0.0,0.0,0.0,0.0,0.0,1.0,0.0,0.0,0.0,0.0,0.0,0.0,1.0,0.0,0.0,0.0,0.6666666666666666
0.33333333333333337,0.20895522388059706,0.1,0.0,0.17647058823529413,0.526829268292683,0.03454987834549878,0.75,0.0,0.0,0.0,0.0,1.0,0.0,0.0,0.0,0.0,0.0,0.0,0.0,0.0,0.0,1.0,0.0,0.0,0.0,0.0,0.0,0.0,1.0,0.0,0.0,0.0,0.16666666666666666
0.33333333333333337,0.09873708381171067,0.0,0.0,0.29411764705882354,0.7365853658536585,0.015571776155717759,0.5,0.0,0.0,0.0,0.0,1.0,0.0,0.0,0.0,0.0,0.0,0.0,0.0,0.0,0.0,1.0,0.0,0.0,0.0,0.0,0.0,0.0,1.0,0.0,0.0,0.0,0.3333333333333333
0.33333333333333337,0.17680826636050517,0.0,0.0,0.29411764705882354,0.7268292682926829,0.016545012165450124,0.5,0.0,0.0,0.0,1.0,0.0,0.0,0.0,0.0,0.0,0.0,0.0,0.0,0.0,0.0,1.0,0.0,0.0,0.0,0.0,0.0,0.0,1.0,0.0,0.0,0.0,0.5
0.5,0.05970149253731343,0.2,0.0,0.058823529411764705,0.6780487804878049,0.028710462287104624,0.6666666666666666,0.0,0.0,0.0,1.0,0.0,0.0,0.0,0.0,0.0,0.0,0.0,0.0,0.0,0.0,1.0,0.0,0.0,0.0,0.0,0.0,0.0,1.0,0.0,0.0,0.0,0.16666666666666666
0.33333333333333337,0.2330654420206659,0.0,0.0,1.0,0.5317073170731708,0.04671532846715328,0.0,0.0,0.0,1.0,0.0,0.0,0.0,0.0,0.0,0.0,0.0,0.0,0.0,0.0,0.0,1.0,0.0,0.0,0.0,0.0,0.0,0.0,1.0,0.0,0.0,0.0,0.16666666666666666
0.33333333333333337,0.05510907003444316,0.0,0.0,0.17647058823529413,0.751219512195122,0.02043795620437956,0.5,0.0,0.0,0.0,1.0,0.0,0.0,0.0,0.0,0.0,0.0,0.0,0.0,0.0,0.0,1.0,0.0,0.0,0.0,0.0,0.0,0.0,1.0,0.0,0.0,0.0,0.16666666666666666
0.33333333333333337,0.06888633754305397,0.2,0.0,0.23529411764705882,0.7121951219512195,0.07542579075425791,0.8333333333333334,0.0,0.0,0.0,0.0,1.0,0.0,0.0,0.0,0.0,0.0,0.0,0.0,0.0,0.0,1.0,0.0,0.0,0.0,0.0,0.0,0.0,0.0,0.0,1.0,0.0,0.16666666666666666
0.5,0.5763490241102182,0.2,0.5666666666666667,0.7647058823529411,0.7707317073170732,0.3523114355231144,0.0,0.0,0.0,1.0,0.0,0.0,0.0,0.0,0.0,0.0,0.0,0.0,0.0,0.0,0.0,1.0,0.0,0.0,0.0,0.0,0.0,0.0,1.0,0.0,0.0,0.0,0.16666666666666666
0.33333333333333337,0.09644087256027556,0.2,0.0,0.17647058823529413,0.7219512195121951,0.031143552311435525,0.75,0.0,0.0,0.0,1.0,0.0,0.0,0.0,0.0,0.0,0.0,0.0,0.0,0.0,0.0,1.0,0.0,0.0,0.0,0.0,0.0,0.0,1.0,0.0,0.0,0.0,0.3333333333333333
0.33333333333333337,0.15269804822043628,0.2,0.0,0.4,0.7219512195121951,0.03600973236009732,0.5,1.0,0.0,0.0,0.0,0.0,0.0,0.0,0.0,0.0,0.0,0.0,0.0,0.0,0.0,1.0,0.0,0.0,0.0,0.0,0.0,0.0,1.0,0.0,0.0,0.0,0.3333333333333333
0.33333333333333337,0.04936854190585533,0.2,0.0,0.11764705882352941,0.7219512195121951,0.03454987834549878,0.5,0.0,0.0,0.0,1.0,0.0,0.0,0.0,0.0,0.0,0.0,0.0,0.0,0.0,0.0,1.0,0.0,0.0,0.0,0.0,0.0,0.0,1.0,0.0,0.0,0.0,0.3333333333333333
0.33333333333333337,0.05970149253731343,0.1,0.0,0.29411764705882354,0.7317073170731707,0.033576642335766425,0.5,0.0,0.0,0.0,1.0,0.0,0.0,0.0,0.0,0.0,0.0,0.0,0.0,0.0,0.0,1.0,0.0,0.0,0.0,0.0,0.0,0.0,1.0,0.0,0.0,0.0,0.3333333333333333
0.33333333333333337,0.09414466130884042,0.1,0.0,0.23529411764705882,0.775609756097561,0.03503649635036496,0.5,0.0,0.0,0.0,1.0,0.0,0.0,0.0,0.0,0.0,0.0,0.0,0.0,0.0,0.0,1.0,0.0,0.0,0.0,0.0,0.0,0.0,1.0,0.0,0.0,0.0,0.6666666666666666
0.33333333333333337,0.08610792192881746,0.1,0.0,0.29411764705882354,0.751219512195122,0.02530413625304136,0.5,0.0,0.0,0.0,1.0,0.0,0.0,0.0,0.0,0.0,0.0,0.0,0.0,0.0,0.0,1.0,0.0,0.0,0.0,0.0,0.0,0.0,1.0,0.0,0.0,0.0,0.6666666666666666
0.33333333333333337,0.09644087256027556,0.0,0.0,0.17647058823529413,0.7024390243902439,0.03698296836982968,0.75,0.0,0.0,0.0,0.0,0.0,1.0,0.0,0.0,0.0,0.0,0.0,0.0,0.0,0.0,1.0,0.0,0.0,0.0,0.0,0.0,0.0,1.0,0.0,0.0,0.0,0.5
0.33333333333333337,0.14925373134328357,0.1,0.0,0.29411764705882354,0.751219512195122,0.03260340632603406,0.8333333333333334,0.0,0.0,0.0,1.0,0.0,0.0,0.0,0.0,0.0,0.0,0.0,0.0,0.0,0.0,1.0,0.0,0.0,0.0,0.0,0.0,0.0,0.0,0.0,1.0,0.0,0.5
0.33333333333333337,0.09988518943742825,0.1,0.0,0.17647058823529413,0.7268292682926829,0.029197080291970802,0.75,0.0,0.0,0.0,1.0,0.0,0.0,0.0,0.0,0.0,0.0,0.0,0.0,0.0,0.0,1.0,0.0,0.0,0.0,0.0,0.0,0.0,1.0,0.0,0.0,0.0,0.5
0.33333333333333337,0.13203214695752008,0.2,0.0,0.29411764705882354,0.6780487804878049,0.018978102189781024,0.5,0.0,0.0,0.0,1.0,0.0,0.0,0.0,0.0,0.0,0.0,0.0,0.0,0.0,0.0,1.0,0.0,0.0,0.0,0.0,0.0,0.0,1.0,0.0,0.0,0.0,0.5
0.33333333333333337,0.1251435132032147,0.1,0.0,0.35294117647058826,0.6780487804878049,0.030170316301703158,0.5,0.0,0.0,0.0,1.0,0.0,0.0,0.0,0.0,0.0,0.0,0.0,0.0,0.0,0.0,1.0,0.0,0.0,0.0,0.0,0.0,0.0,1.0,0.0,0.0,0.0,0.5
0.33333333333333337,0.18140068886337543,0.2,0.0,0.29411764705882354,0.7024390243902439,0.02725060827250608,0.5,0.0,0.0,0.0,1.0,0.0,0.0,0.0,0.0,0.0,0.0,0.0,0.0,0.0,0.0,1.0,0.0,0.0,0.0,0.0,0.0,0.0,1.0,0.0,0.0,0.0,0.16666666666666666
0.33333333333333337,0.15958668197474168,0.2,0.0,0.35294117647058826,0.7268292682926829,0.030656934306569347,0.5,0.0,0.0,0.0,0.0,0.0,0.0,0.0,0.0,1.0,0.0,0.0,0.0,0.0,0.0,1.0,0.0,0.0,0.0,0.0,0.0,0.0,1.0,0.0,0.0,0.0,0.16666666666666666
0.33333333333333337,0.22388059701492538,0.1,0.0,0.4117647058823529,0.7268292682926829,0.025790754257907545,0.5,0.0,0.0,0.0,0.0,0.0,0.0,0.0,0.0,1.0,0.0,0.0,0.0,0.0,0.0,1.0,0.0,0.0,0.0,0.0,0.0,0.0,1.0,0.0,0.0,0.0,0.16666666666666666
0.33333333333333337,0.277841561423651,0.0,0.26666666666666666,0.4117647058823529,0.48292682926829267,0.061800486618004864,0.5,1.0,0.0,0.0,0.0,0.0,0.0,0.0,0.0,0.0,0.0,0.0,0.0,0.0,0.0,1.0,0.0,0.0,0.0,0.0,0.0,0.0,1.0,0.0,0.0,0.0,0.3333333333333333
0.33333333333333337,0.08955223880597014,0.0,0.0,0.29411764705882354,0.7268292682926829,0.02043795620437956,0.5,0.0,0.0,0.0,1.0,0.0,0.0,0.0,0.0,0.0,0.0,0.0,0.0,0.0,0.0,1.0,0.0,0.0,0.0,0.0,0.0,0.0,1.0,0.0,0.0,0.0,0.16666666666666666
0.33333333333333337,0.11710677382319173,0.2,0.0,0.47058823529411764,0.6780487804878049,0.03260340632603406,0.5,0.0,0.0,0.0,0.0,0.0,0.0,0.0,1.0,0.0,0.0,0.0,0.0,0.0,0.0,1.0,0.0,0.0,0.0,0.0,0.0,0.0,1.0,0.0,0.0,0.0,0.16666666666666666
0.33333333333333337,0.08381171067738231,0.2,0.0,0.11764705882352941,0.751219512195122,0.028223844282238446,0.75,0.0,0.0,0.0,1.0,0.0,0.0,0.0,0.0,0.0,0.0,0.0,0.0,0.0,0.0,1.0,0.0,0.0,0.0,0.0,0.0,0.0,1.0,0.0,0.0,0.0,0.3333333333333333
